"","Region.x","Population","Area..sq..mi..","Pop..Density..per.sq..mi..","Coastline..coast.area.ratio.","Net.migration","Infant.mortality..per.1000.births.","GDP....per.capita.","Literacy....","Phones..per.1000.","Arable....","Crops....","Other....","Climate","Birthrate","Deathrate","Agriculture","Industry","Service","country.x","country.y","unemployment_percentage","CPI.Rank","Country.Code","Region.y","Corruption.Perceptions.Index..CPI.","Standard.Error","Lower.Confidence.Interval.x","Upper.Confidence.Interval.x","World.Bank.CPIA","World.Economic.Forum.EOS","Global.Insight.Country.Risk.Ratings","Bertelsmann.Foundation.Transformation.Index","African.Development.Bank.CPIA","IMD.World.Competitiveness.Yearbook","Bertelsmann.Foundation.Sustainable.Governance.Index","World.Justice.Project.Rule.of.Law.Index","PRS.International.Country.Risk.Guide","Varities.of.Democracy.Project","Economist.Intelligence.Unit.Country.Ratings","Freedom.House.Nations.in.Transit.Ratings","PERC.Asia.Risk.Guide","Sources","country.x1","Region","Happiness.Rank","Happiness.Score","Lower.Confidence.Interval.y","Upper.Confidence.Interval.y","Economy..GDP.per.Capita.","Family","Health..Life.Expectancy.","Freedom","Trust..Government.Corruption.","Generosity","Dystopia.Residual","country.y1"
"1","ASIA (EX. NEAR EAST)         ",31056997,647500,"48,0","0,00","23,06","163,07",700,"36,0","3,2","12,13","0,22","87,65","1","46,6","20,34","0,38","0,24","0,38","Afghanistan ","Afghanistan",35,169,"AFG","Asia Pacific",15,1.74,12,17,13,NA,10,20,NA,NA,NA,13,NA,16,NA,NA,NA,5,"Afghanistan","Southern Asia",154,3.36,3.288,3.432,0.38227,0.11037,0.17344,0.1643,0.07112,0.31268,2.14558,"Afghanistan"
"2","EASTERN EUROPE                     ",3581655,28748,"124,6","1,26","-4,93","21,52",4500,"86,5","71,2","21,09","4,42","74,49","3","15,11","5,22","0,232","0,188","0,579","Albania ","Albania",14,83,"ALB","Europe and Central Asia",39,1.99,36,42,NA,41,47,36,NA,NA,NA,30,41,NA,37,41,NA,7,"Albania","Central and Eastern Europe",109,4.655,4.546,4.764,0.9553,0.50163,0.73007,0.31866,0.05301,0.1684,1.92816,"Albania"
"3","NORTHERN AFRICA                    ",32930091,2381740,"13,8","0,04","-0,39","31",6000,"70,0","78,1","3,22","0,25","96,53","1","17,14","4,61","0,101","0,6","0,298","Algeria ","Algeria",11.7,108,"DZA","Middle East and North Africa",34,2.94,29,39,NA,33,22,36,NA,NA,NA,NA,32,44,37,NA,NA,6,"Algeria","Middle East and Northern Africa",38,6.355,6.227,6.483,1.05266,0.83309,0.61804,0.21006,0.16157,0.07044,3.40904,"Algeria"
"4","OCEANIA                            ",57794,199,"290,4","58,29","-20,71","9,27",8000,"97,0","259,5","10","15","75","2","22,46","3,27","","","","American Samoa ","American Samoa",29.8,NA,NA,NA,NA,NA,NA,NA,NA,NA,NA,NA,NA,NA,NA,NA,NA,NA,NA,NA,NA,NA,NA,NA,NA,NA,NA,NA,NA,NA,NA,NA,NA,NA,NA,NA
"5","WESTERN EUROPE                     ",71201,468,"152,1","0,00","6,6","4,05",19000,"100,0","497,2","2,22","0","97,78","3","8,71","6,25","","","","Andorra ","Andorra",3.7,NA,NA,NA,NA,NA,NA,NA,NA,NA,NA,NA,NA,NA,NA,NA,NA,NA,NA,NA,NA,NA,NA,NA,NA,NA,NA,NA,NA,NA,NA,NA,NA,NA,NA,NA
"6","SUB-SAHARAN AFRICA                 ",12127071,1246700,"9,7","0,13","0","191,19",1900,"42,0","7,8","2,41","0,24","97,35","","45,11","24,2","0,096","0,658","0,246","Angola ",NA,NA,164,"AGO","Sub-Saharan Africa",18,1.68,15,21,NA,NA,22,16,NA,NA,NA,NA,15,NA,19,NA,NA,4,"Angola","Sub-Saharan Africa",141,3.866,3.753,3.979,0.84731,0.66366,0.04991,0.00589,0.08434,0.12071,2.09459,"Angola"
"7","LATIN AMER. & CARIB    ",13477,102,"132,1","59,80","10,76","21,03",8600,"95,0","460,0","0","0","100","2","14,17","5,34","0,04","0,18","0,78","Anguilla ","Anguilla",8,NA,NA,NA,NA,NA,NA,NA,NA,NA,NA,NA,NA,NA,NA,NA,NA,NA,NA,NA,NA,NA,NA,NA,NA,NA,NA,NA,NA,NA,NA,NA,NA,NA,NA,NA
"8","LATIN AMER. & CARIB    ",69108,443,"156,0","34,54","-6,15","19,46",11000,"89,0","549,9","18,18","4,55","77,27","2","16,93","5,37","0,038","0,22","0,743","Antigua & Barbuda ",NA,NA,NA,NA,NA,NA,NA,NA,NA,NA,NA,NA,NA,NA,NA,NA,NA,NA,NA,NA,NA,NA,NA,NA,NA,NA,NA,NA,NA,NA,NA,NA,NA,NA,NA,NA,NA
"9","LATIN AMER. & CARIB    ",39921833,2766890,"14,4","0,18","0,61","15,18",11200,"97,1","220,4","12,31","0,48","87,21","3","16,73","7,55","0,095","0,358","0,547","Argentina ","Argentina",8.1,95,"ARG","Americas",36,1.76,33,39,NA,29,34,36,NA,37,NA,46,32,39,37,NA,NA,8,"Argentina","Latin America and Caribbean",26,6.65,6.56,6.74,1.15137,1.06612,0.69711,0.42284,0.07296,0.10989,3.12985,"Argentina"
"10","C.W. OF IND. STATES ",2976372,29800,"99,9","0,00","-6,47","23,28",3500,"98,6","195,7","17,55","2,3","80,15","4","12,07","8,23","0,239","0,343","0,418","Armenia ","Armenia",18.9,113,"ARM","Europe and Central Asia",33,4.01,26,40,NA,45,34,28,NA,NA,NA,NA,32,17,NA,41,NA,6,"Armenia","Central and Eastern Europe",121,4.36,4.266,4.454,0.86086,0.62477,0.64083,0.14037,0.03616,0.07793,1.97864,"Armenia"
"11","LATIN AMER. & CARIB    ",71891,193,"372,5","35,49","0","5,89",28000,"97,0","516,1","10,53","0","89,47","2","11,03","6,68","0,004","0,333","0,663","Aruba ","Aruba",6.9,NA,NA,NA,NA,NA,NA,NA,NA,NA,NA,NA,NA,NA,NA,NA,NA,NA,NA,NA,NA,NA,NA,NA,NA,NA,NA,NA,NA,NA,NA,NA,NA,NA,NA,NA
"12","OCEANIA                            ",20264082,7686850,"2,6","0,34","3,98","4,69",29000,"100,0","565,5","6,55","0,04","93,41","1","12,14","7,51","0,038","0,262","0,7","Australia ","Australia",5.6,13,"AUS","Asia Pacific",79,1.27,77,81,NA,80,83,NA,NA,81,80,78,76,NA,72,NA,81,8,"Australia","Australia and New Zealand",9,7.313,7.241,7.385,1.44443,1.10476,0.8512,0.56837,0.32331,0.47407,2.5465,"Australia"
"13","WESTERN EUROPE                     ",8192880,83870,"97,7","0,00","2","4,66",30000,"98,0","452,2","16,91","0,86","82,23","3","8,74","9,76","0,018","0,304","0,678","Austria ","Austria",5.4,17,"AUT","Europe and Central Asia",75,1.36,73,77,NA,73,71,NA,NA,74,80,79,76,NA,72,NA,NA,7,"Austria","Western Europe",12,7.119,7.045,7.193,1.45038,1.08383,0.80565,0.54355,0.21348,0.32865,2.69343,"Austria"
"14","C.W. OF IND. STATES ",7961619,86600,"91,9","0,00","-4,9","81,74",3400,"97,0","137,1","19,63","2,71","77,66","1","20,74","9,75","0,141","0,457","0,402","Azerbaijan ","Azerbaijan",6,123,"AZE","Europe and Central Asia",30,5.13,22,39,NA,46,47,24,NA,NA,NA,NA,24,9,37,25,NA,7,"Azerbaijan","Central and Eastern Europe",81,5.291,5.226,5.356,1.12373,0.76042,0.54504,0.35327,0.17914,0.0564,2.2735,"Azerbaijan"
"15","LATIN AMER. & CARIB    ",303770,13940,"21,8","25,41","-2,2","25,21",16700,"95,6","460,6","0,8","0,4","98,8","2","17,57","9,05","0,03","0,07","0,9","Bahamas, The ",NA,NA,24,"BHS","Americas",66,5.2,57,74,NA,NA,59,NA,NA,NA,NA,62,76,NA,NA,NA,NA,3,"Bahamas",NA,NA,NA,NA,NA,NA,NA,NA,NA,NA,NA,NA,NA
"16","NEAR EAST                          ",698585,665,"1050,5","24,21","1,05","17,27",16900,"89,1","281,3","2,82","5,63","91,55","1","17,8","4,14","0,005","0,387","0,608","Bahrain ","Bahrain",3.8,70,"BHR","Middle East and North Africa",43,5.96,33,53,NA,66,34,36,NA,NA,NA,NA,41,NA,37,NA,NA,5,"Bahrain","Middle East and Northern Africa",42,6.218,6.128,6.308,1.44024,0.94397,0.65696,0.47375,0.25772,0.17147,2.27405,"Bahrain"
"17","ASIA (EX. NEAR EAST)         ",147365352,144000,"1023,4","0,40","-0,71","62,6",1900,"43,1","7,3","62,11","3,07","34,82","2","29,8","8,27","0,199","0,198","0,603","Bangladesh ","Bangladesh",4.1,145,"BGD","Asia Pacific",26,4.13,19,33,24,17,22,24,NA,NA,NA,25,50,NA,19,NA,NA,7,"Bangladesh","Southern Asia",110,4.643,4.56,4.726,0.54177,0.24749,0.52989,0.39778,0.12583,0.19132,2.60904,"Bangladesh"
"18","LATIN AMER. & CARIB    ",279912,431,"649,5","22,51","-0,31","12,5",15700,"97,4","481,9","37,21","2,33","60,46","2","12,71","8,67","0,06","0,16","0,78","Barbados ","Barbados",9.8,31,"BRB","Americas",61,6.91,50,73,NA,48,71,NA,NA,NA,NA,65,NA,NA,NA,NA,NA,3,"Barbados",NA,NA,NA,NA,NA,NA,NA,NA,NA,NA,NA,NA,NA
"19","C.W. OF IND. STATES ",10293011,207600,"49,6","0,00","2,54","13,37",6100,"99,6","319,1","29,55","0,6","69,85","4","11,16","14,02","0,093","0,316","0,591","Belarus ","Belarus",1,79,"BLR","Europe and Central Asia",40,3.93,33,46,NA,NA,47,28,NA,NA,NA,56,32,46,37,30,NA,7,"Belarus","Central and Eastern Europe",61,5.802,5.723,5.881,1.13062,1.04993,0.63104,0.29091,0.17457,0.13942,2.38582,"Belarus"
"20","WESTERN EUROPE                     ",10379067,30528,"340,0","0,22","1,23","4,68",29100,"98,0","462,6","23,28","0,4","76,32","3","10,38","10,27","0,01","0,24","0,749","Belgium ","Belgium",7.5,15,"BEL","Europe and Central Asia",77,1.55,74,79,NA,73,83,NA,NA,79,80,74,76,NA,72,NA,NA,7,"Belgium","Western Europe",18,6.929,6.861,6.997,1.42539,1.05249,0.81959,0.51354,0.26248,0.2424,2.61355,"Belgium"
"21","LATIN AMER. & CARIB    ",287730,22966,"12,5","1,68","0","25,69",4900,"94,1","115,7","2,85","1,71","95,44","2","28,84","5,72","0,142","0,152","0,612","Belize ","Belize",10.1,NA,NA,NA,NA,NA,NA,NA,NA,NA,NA,NA,NA,NA,NA,NA,NA,NA,NA,NA,NA,NA,NA,"Latin America and Caribbean",52,5.956,5.71,6.202,0.87616,0.68655,0.45569,0.51231,0.10771,0.23684,3.08039,"Belize"
"22","SUB-SAHARAN AFRICA                 ",7862944,112620,"69,8","0,11","0","85",1100,"40,9","9,7","18,08","2,4","79,52","2","38,85","12,22","0,316","0,138","0,546","Benin ","Benin",1,95,"BEN","Sub-Saharan Africa",36,3.8,29,42,47,20,34,32,44,NA,NA,NA,NA,36,NA,NA,NA,6,"Benin","Sub-Saharan Africa",153,3.484,3.404,3.564,0.39499,0.10419,0.21028,0.39747,0.06681,0.2018,2.10812,"Benin"
"23","NORTHERN AMERICA                   ",65773,53,"1241,0","194,34","2,49","8,53",36000,"98,0","851,4","20","0","80","2","11,4","7,74","0,01","0,1","0,89","Bermuda ","Bermuda",9,NA,NA,NA,NA,NA,NA,NA,NA,NA,NA,NA,NA,NA,NA,NA,NA,NA,NA,NA,NA,NA,NA,NA,NA,NA,NA,NA,NA,NA,NA,NA,NA,NA,NA,NA
"24","ASIA (EX. NEAR EAST)         ",2279723,47000,"48,5","0,00","0","100,44",1300,"42,2","14,3","3,09","0,43","96,48","2","33,65","12,7","0,258","0,379","0,363","Bhutan ","Bhutan",3.2,27,"BTN","Asia Pacific",65,2.12,62,69,69,59,71,65,NA,NA,NA,NA,NA,64,NA,NA,NA,5,"Bhutan","Southern Asia",84,5.196,5.138,5.254,0.8527,0.90836,0.49759,0.46074,0.1616,0.48546,1.82916,"Bhutan"
"25","LATIN AMER. & CARIB    ",8989046,1098580,"8,2","0,00","-1,32","53,11",2400,"87,2","71,9","2,67","0,19","97,14","1,5","23,3","7,53","0,128","0,352","0,52","Bolivia ","Bolivia",4,113,"BOL","Americas",33,2.85,28,37,35,18,34,36,NA,NA,NA,25,32,44,37,NA,NA,8,"Bolivia","Latin America and Caribbean",59,5.822,5.74,5.904,0.79422,0.83779,0.4697,0.50961,0.07746,0.21698,2.91635,"Bolivia"
"26","EASTERN EUROPE                     ",4498976,51129,"88,0","0,04","0,31","21,05",6100,"","215,4","13,6","2,96","83,44","4","8,77","8,27","0,142","0,308","0,55","Bosnia & Herzegovina ",NA,NA,NA,NA,NA,NA,NA,NA,NA,NA,NA,NA,NA,NA,NA,NA,NA,NA,NA,NA,NA,NA,NA,NA,NA,NA,NA,NA,NA,NA,NA,NA,NA,NA,NA,NA,NA
"27","SUB-SAHARAN AFRICA                 ",1639833,600370,"2,7","0,00","0","54,58",9000,"79,8","80,5","0,65","0,01","99,34","1","23,08","29,5","0,024","0,469","0,507","Botswana ","Botswana",20,35,"BWA","Sub-Saharan Africa",60,3.1,55,66,NA,52,59,57,NA,NA,NA,55,67,NA,72,NA,NA,6,"Botswana","Sub-Saharan Africa",137,3.974,3.875,4.073,1.09426,0.89186,0.34752,0.44089,0.10769,0.12425,0.96741,"Botswana"
"28","LATIN AMER. & CARIB    ",188078227,8511965,"22,1","0,09","-0,03","29,61",7600,"86,4","225,3","6,96","0,9","92,15","2","16,56","6,17","0,084","0,4","0,516","Brazil ","Brazil",13.1,79,"BRA","Americas",40,4.34,33,47,NA,28,47,61,NA,25,NA,37,32,51,37,NA,NA,8,"Brazil","Latin America and Caribbean",17,6.952,6.875,7.029,1.08754,1.03938,0.61415,0.40425,0.14166,0.15776,3.50733,"Brazil"
"29","LATIN AMER. & CARIB    ",23098,153,"151,0","52,29","10,01","18,05",16000,"97,8","506,5","20","6,67","73,33","2","14,89","4,42","0,018","0,062","0,92","British Virgin Is. ",NA,NA,NA,NA,NA,NA,NA,NA,NA,NA,NA,NA,NA,NA,NA,NA,NA,NA,NA,NA,NA,NA,NA,NA,NA,NA,NA,NA,NA,NA,NA,NA,NA,NA,NA,NA,NA
"30","ASIA (EX. NEAR EAST)         ",379444,5770,"65,8","2,79","3,59","12,61",18600,"93,9","237,2","0,57","0,76","98,67","2","18,79","3,45","0,036","0,561","0,403","Brunei ","Brunei",6.9,41,"BRN","Asia Pacific",58,8.85,43,72,NA,61,71,NA,NA,NA,NA,NA,41,NA,NA,NA,NA,3,"Brunei",NA,NA,NA,NA,NA,NA,NA,NA,NA,NA,NA,NA,NA
"31","EASTERN EUROPE                     ",7385367,110910,"66,6","0,32","-4,58","20,55",7600,"98,6","336,3","40,02","1,92","58,06","3","9,65","14,27","0,093","0,304","0,603","Bulgaria ","Bulgaria",6.6,75,"BGR","Europe and Central Asia",41,2.2,38,45,NA,38,34,53,NA,37,42,38,42,NA,37,52,NA,9,"Bulgaria","Central and Eastern Europe",129,4.217,4.104,4.33,1.11306,0.92542,0.67806,0.21219,0.00615,0.12793,1.15377,"Bulgaria"
"32","SUB-SAHARAN AFRICA                 ",13902972,274200,"50,7","0,00","0","97,57",1100,"26,6","7,0","14,43","0,19","85,38","2","45,62","15,6","0,322","0,196","0,482","Burkina Faso ","Burkina Faso",77,72,"BFA","Sub-Saharan Africa",42,2.47,38,46,47,NA,47,32,44,NA,NA,34,41,49,NA,NA,NA,7,"Burkina Faso","Sub-Saharan Africa",145,3.739,3.647,3.831,0.31995,0.63054,0.21297,0.3337,0.12533,0.24353,1.87319,"Burkina Faso"
"33","ASIA (EX. NEAR EAST)         ",47382633,678500,"69,8","0,28","-1,8","67,24",1800,"85,3","10,1","15,19","0,97","83,84","2","17,91","9,83","0,564","0,082","0,353","Burma ","Burma",4,NA,NA,NA,NA,NA,NA,NA,NA,NA,NA,NA,NA,NA,NA,NA,NA,NA,NA,NA,NA,NA,NA,NA,NA,NA,NA,NA,NA,NA,NA,NA,NA,NA,NA,NA
"34","SUB-SAHARAN AFRICA                 ",8090068,27830,"290,7","0,00","-0,06","69,29",600,"51,6","3,4","35,05","14,02","50,93","2","42,22","13,46","0,463","0,203","0,334","Burundi ",NA,NA,159,"BDI","Sub-Saharan Africa",20,1.53,18,23,13,24,22,20,20,NA,NA,NA,NA,20,NA,NA,NA,6,"Burundi","Sub-Saharan Africa",157,2.905,2.732,3.078,0.06831,0.23442,0.15747,0.0432,0.09419,0.2029,2.10404,"Burundi"
"35","ASIA (EX. NEAR EAST)         ",13881427,181040,"76,7","0,24","0","71,48",1900,"69,4","2,6","20,96","0,61","78,43","2","26,9","9,06","0,35","0,3","0,35","Cambodia ","Cambodia",0.3,156,"KHM","Asia Pacific",21,2.82,16,26,13,28,22,16,NA,NA,NA,15,NA,17,19,NA,37,8,"Cambodia","Southeastern Asia",140,3.907,3.798,4.016,0.55604,0.5375,0.42494,0.58852,0.08092,0.40339,1.31573,"Cambodia"
"36","SUB-SAHARAN AFRICA                 ",17340702,475440,"36,5","0,08","0","68,26",1800,"79,0","5,7","12,81","2,58","84,61","1,5","33,89","13,47","0,448","0,17","0,382","Cameroon ","Cameroon",4.3,145,"CMR","Sub-Saharan Africa",26,3.04,21,31,24,22,34,28,41,NA,NA,19,32,11,19,NA,NA,9,"Cameroon","Sub-Saharan Africa",114,4.513,4.417,4.609,0.52497,0.62542,0.12698,0.42736,0.06126,0.2268,2.5198,"Cameroon"
"37","NORTHERN AMERICA                   ",33098932,9984670,"3,3","2,02","5,96","4,75",29800,"97,0","552,2","4,96","0,02","95,02","","10,78","7,8","0,022","0,294","0,684","Canada ","Canada",6.5,9,"CAN","Americas",82,2.03,79,85,NA,73,83,NA,NA,85,80,79,85,NA,90,NA,NA,7,"Canada","North America",6,7.404,7.335,7.473,1.44015,1.0961,0.8276,0.5737,0.31329,0.44834,2.70485,"Canada"
"38","SUB-SAHARAN AFRICA                 ",420979,4033,"104,4","23,93","-12,07","47,77",1400,"76,6","169,6","9,68","0,5","89,82","3","24,87","6,55","0,121","0,219","0,66","Cape Verde ",NA,NA,38,"CPV","Sub-Saharan Africa",59,5.72,50,68,69,49,59,NA,NA,NA,NA,NA,NA,NA,NA,NA,NA,3,"Cape Verde",NA,NA,NA,NA,NA,NA,NA,NA,NA,NA,NA,NA,NA
"39","LATIN AMER. & CARIB    ",45436,262,"173,4","61,07","18,75","8,19",35000,"98,0","836,3","3,85","0","96,15","2","12,74","4,89","0,014","0,032","0,954","Cayman Islands ","Cayman Islands",4,NA,NA,NA,NA,NA,NA,NA,NA,NA,NA,NA,NA,NA,NA,NA,NA,NA,NA,NA,NA,NA,NA,NA,NA,NA,NA,NA,NA,NA,NA,NA,NA,NA,NA,NA
"40","SUB-SAHARAN AFRICA                 ",4303356,622984,"6,9","0,00","0","91",1100,"51,0","2,3","3,1","0,14","96,76","2","33,91","18,65","0,55","0,2","0,25","Central African Rep. ",NA,NA,NA,NA,NA,NA,NA,NA,NA,NA,NA,NA,NA,NA,NA,NA,NA,NA,NA,NA,NA,NA,NA,NA,NA,NA,NA,NA,NA,NA,NA,NA,NA,NA,NA,NA,NA
"41","SUB-SAHARAN AFRICA                 ",9944201,1284000,"7,7","0,00","-0,11","93,82",1200,"47,5","1,3","2,86","0,02","97,12","2","45,73","16,38","0,335","0,259","0,406","Chad ",NA,NA,159,"TCD","Sub-Saharan Africa",20,2.67,16,24,24,10,22,20,23,NA,NA,NA,NA,NA,NA,NA,NA,5,"Chad","Sub-Saharan Africa",144,3.763,3.672,3.854,0.42214,0.63178,0.03824,0.12807,0.04952,0.18667,2.30637,"Chad"
"42","LATIN AMER. & CARIB    ",16134219,756950,"21,3","0,85","0","8,8",9900,"96,2","213,0","2,65","0,42","96,93","3","15,23","5,81","0,06","0,493","0,447","Chile ","Chile",7,24,"CHL","Americas",66,2.65,61,70,NA,64,59,73,NA,54,61,65,76,NA,72,NA,NA,8,"Chile","Latin America and Caribbean",24,6.705,6.615,6.795,1.2167,0.90587,0.81883,0.37789,0.11451,0.31595,2.95505,"Chile"
"43","ASIA (EX. NEAR EAST)         ",1313973713,9596960,"136,9","0,15","-0,4","24,18",5000,"90,9","266,7","15,4","1,25","83,35","1,5","13,25","6,97","0,125","0,473","0,403","China ","China",4,79,"CHN","Asia Pacific",40,2.39,37,44,NA,53,47,36,NA,42,NA,37,32,NA,37,NA,39,8,"China","Eastern Asia",83,5.245,5.199,5.291,1.0278,0.79381,0.73561,0.44012,0.02745,0.04959,2.17087,"China"
"44","LATIN AMER. & CARIB    ",43593035,1138910,"38,3","0,28","-0,31","20,97",6300,"92,5","176,2","2,42","1,67","95,91","2","20,48","5,58","0,125","0,342","0,533","Colombia ","Colombia",9.3,90,"COL","Americas",37,2.27,34,41,NA,32,47,45,NA,28,NA,37,41,34,37,NA,NA,8,"Colombia","Latin America and Caribbean",31,6.481,6.384,6.578,1.03032,1.02169,0.59659,0.44735,0.05399,0.15626,3.17471,"Colombia"
"45","SUB-SAHARAN AFRICA                 ",690948,2170,"318,4","15,67","0","74,93",700,"56,5","24,5","35,87","23,32","40,81","2","36,93","8,2","0,4","0,04","0,56","Comoros ","Comoros",6.5,153,"COM","Sub-Saharan Africa",24,12.81,3,45,24,NA,47,NA,2,NA,NA,NA,NA,NA,NA,NA,NA,3,"Comoros","Sub-Saharan Africa",138,3.956,3.86,4.052,0.27509,0.60323,0.29981,0.15412,0.18437,0.1827,2.25632,"Comoros"
"46","SUB-SAHARAN AFRICA                 ",62660551,2345410,"26,7","0,00","0","94,69",700,"65,5","0,2","2,96","0,52","96,52","2","43,69","13,27","0,55","0,11","0,34","Congo, Dem. Rep. ",NA,NA,NA,NA,NA,NA,NA,NA,NA,NA,NA,NA,NA,NA,NA,NA,NA,NA,NA,NA,NA,NA,NA,NA,NA,NA,NA,NA,NA,NA,NA,NA,NA,NA,NA,NA,NA
"47","SUB-SAHARAN AFRICA                 ",3702314,342000,"10,8","0,05","-0,17","93,86",700,"83,8","3,7","0,51","0,13","99,36","2","42,57","12,93","0,062","0,57","0,369","Congo, Repub. of the ",NA,NA,NA,NA,NA,NA,NA,NA,NA,NA,NA,NA,NA,NA,NA,NA,NA,NA,NA,NA,NA,NA,NA,NA,NA,NA,NA,NA,NA,NA,NA,NA,NA,NA,NA,NA,NA
"48","OCEANIA                            ",21388,240,"89,1","50,00","","",5000,"95,0","289,9","17,39","13,04","69,57","2","21","","0,151","0,096","0,753","Cook Islands ","Cook Islands",13.1,NA,NA,NA,NA,NA,NA,NA,NA,NA,NA,NA,NA,NA,NA,NA,NA,NA,NA,NA,NA,NA,NA,NA,NA,NA,NA,NA,NA,NA,NA,NA,NA,NA,NA,NA
"49","LATIN AMER. & CARIB    ",4075261,51100,"79,8","2,52","0,51","9,95",9100,"96,0","340,7","4,41","5,88","89,71","2","18,32","4,36","0,088","0,299","0,614","Costa Rica ","Costa Rica",8.1,41,"CRI","Americas",58,3.17,53,63,NA,46,59,65,NA,NA,NA,61,50,69,54,NA,NA,7,"Costa Rica","Latin America and Caribbean",14,7.087,6.999,7.175,1.06879,1.02152,0.76146,0.55225,0.10547,0.22553,3.35168,"Costa Rica"
"50","SUB-SAHARAN AFRICA                 ",17654843,322460,"54,8","0,16","-0,07","90,83",1400,"50,9","14,6","9,75","13,84","76,41","2","35,11","14,84","0,279","0,171","0,55","Cote d'Ivoire ","Cote d'Ivoire",9.4,NA,NA,NA,NA,NA,NA,NA,NA,NA,NA,NA,NA,NA,NA,NA,NA,NA,NA,NA,NA,NA,NA,NA,NA,NA,NA,NA,NA,NA,NA,NA,NA,NA,NA,NA
"51","EASTERN EUROPE                     ",4494749,56542,"79,5","10,32","1,58","6,84",10600,"98,5","420,4","26,09","2,27","71,65","","9,61","11,48","0,07","0,308","0,622","Croatia ","Croatia",13.9,55,"HRV","Europe and Central Asia",49,2.39,45,53,NA,39,47,61,NA,38,52,50,50,NA,54,52,NA,9,"Croatia","Central and Eastern Europe",74,5.488,5.402,5.574,1.18649,0.60809,0.70524,0.23907,0.04002,0.18434,2.52462,"Croatia"
"52","LATIN AMER. & CARIB    ",11382820,110860,"102,7","3,37","-1,58","6,33",2900,"97,0","74,7","33,05","7,6","59,35","2","11,89","7,22","0,055","0,261","0,684","Cuba ","Cuba",2.2,60,"CUB","Americas",47,2.9,42,52,NA,NA,47,40,NA,NA,NA,NA,41,53,54,NA,NA,5,"Cuba",NA,NA,NA,NA,NA,NA,NA,NA,NA,NA,NA,NA,NA
"53","NEAR EAST                          ",784301,9250,"84,8","7,01","0,43","7,18",19200,"97,6","","7,79","4,44","87,77","3","12,56","7,68","0,037","0,198","0,765","Cyprus ","Cyprus",11.8,47,"CYP","Europe and Central Asia",55,5.94,46,65,NA,49,47,NA,NA,NA,42,NA,67,NA,72,NA,NA,5,"Cyprus","Western Europe",69,5.546,5.442,5.65,1.31857,0.70697,0.8488,0.29507,0.05228,0.27906,2.04497,"Cyprus"
"54","EASTERN EUROPE                     ",10235455,78866,"129,8","0,00","0,97","3,93",15700,"99,9","314,3","39,8","3,05","57,15","3","9,02","10,59","0,034","0,393","0,573","Czech Republic ",NA,NA,47,"CZE","Europe and Central Asia",55,2.24,51,59,NA,46,59,65,NA,47,52,62,50,NA,54,59,NA,9,"Czech Republic","Central and Eastern Europe",27,6.596,6.515,6.677,1.30915,1.00793,0.76376,0.41418,0.03986,0.09929,2.96211,"Czech Republic"
"55","WESTERN EUROPE                     ",5450661,43094,"126,5","16,97","2,48","4,56",31100,"100,0","614,6","54,02","0,19","45,79","3","11,13","10,36","0,018","0,246","0,735","Denmark ","Denmark",5.8,1,"DNK","Europe and Central Asia",90,2.46,86,94,NA,85,83,NA,NA,98,99,85,93,NA,90,NA,NA,7,"Denmark","Western Europe",1,7.526,7.46,7.592,1.44178,1.16374,0.79504,0.57941,0.44453,0.36171,2.73939,"Denmark"
"56","SUB-SAHARAN AFRICA                 ",486530,23000,"21,2","1,37","0","104,13",1300,"67,9","22,8","0,04","0","99,96","1","39,53","19,31","0,179","0,225","0,596","Djibouti ","Djibouti",60,123,"DJI","Sub-Saharan Africa",30,8.23,17,44,24,NA,47,NA,20,NA,NA,NA,NA,NA,NA,NA,NA,3,"Djibouti",NA,NA,NA,NA,NA,NA,NA,NA,NA,NA,NA,NA,NA
"57","LATIN AMER. & CARIB    ",68910,754,"91,4","19,63","-13,87","14,15",5400,"94,0","304,8","6,67","20","73,33","2","15,27","6,73","0,177","0,328","0,495","Dominica ","Dominica",23,38,"DMA","Americas",59,0.85,58,60,58,NA,59,NA,NA,NA,NA,61,NA,NA,NA,NA,NA,3,"Dominica",NA,NA,NA,NA,NA,NA,NA,NA,NA,NA,NA,NA,NA
"58","LATIN AMER. & CARIB    ",9183984,48730,"188,5","2,64","-3,22","32,38",6000,"84,7","97,4","22,65","10,33","67,02","2","23,22","5,73","0,112","0,306","0,582","Dominican Republic ","Dominican Republic",5.5,38,"DMA","Americas",59,0.85,58,60,58,NA,59,NA,NA,NA,NA,61,NA,NA,NA,NA,NA,3,"Dominica","Latin America and Caribbean",89,5.155,5.037,5.273,1.02787,0.99496,0.57669,0.52259,0.12372,0.21286,1.69626,"Dominican Republic"
"59","LATIN AMER. & CARIB    ",9183984,48730,"188,5","2,64","-3,22","32,38",6000,"84,7","97,4","22,65","10,33","67,02","2","23,22","5,73","0,112","0,306","0,582","Dominican Republic ","Dominican Republic",5.5,120,"DOM","Americas",31,1.89,28,34,NA,24,34,32,NA,NA,NA,27,32,NA,37,NA,NA,6,"Dominican Republic","Latin America and Caribbean",89,5.155,5.037,5.273,1.02787,0.99496,0.57669,0.52259,0.12372,0.21286,1.69626,"Dominican Republic"
"60","LATIN AMER. & CARIB    ",9183984,48730,"188,5","2,64","-3,22","32,38",6000,"84,7","97,4","22,65","10,33","67,02","2","23,22","5,73","0,112","0,306","0,582","Dominican Republic ","Dominica",23,38,"DMA","Americas",59,0.85,58,60,58,NA,59,NA,NA,NA,NA,61,NA,NA,NA,NA,NA,3,"Dominica","Latin America and Caribbean",89,5.155,5.037,5.273,1.02787,0.99496,0.57669,0.52259,0.12372,0.21286,1.69626,"Dominican Republic"
"61","LATIN AMER. & CARIB    ",9183984,48730,"188,5","2,64","-3,22","32,38",6000,"84,7","97,4","22,65","10,33","67,02","2","23,22","5,73","0,112","0,306","0,582","Dominican Republic ","Dominica",23,120,"DOM","Americas",31,1.89,28,34,NA,24,34,32,NA,NA,NA,27,32,NA,37,NA,NA,6,"Dominican Republic","Latin America and Caribbean",89,5.155,5.037,5.273,1.02787,0.99496,0.57669,0.52259,0.12372,0.21286,1.69626,"Dominican Republic"
"62","ASIA (EX. NEAR EAST)         ",1062777,15007,"70,8","4,70","0","47,41",500,"58,6","","4,71","0,67","94,62","2","26,99","6,24","0,085","0,231","0,684","East Timor ",NA,NA,NA,NA,NA,NA,NA,NA,NA,NA,NA,NA,NA,NA,NA,NA,NA,NA,NA,NA,NA,NA,NA,NA,NA,NA,NA,NA,NA,NA,NA,NA,NA,NA,NA,NA,NA
"63","LATIN AMER. & CARIB    ",13547510,283560,"47,8","0,79","-8,58","23,66",3300,"92,5","125,6","5,85","4,93","89,22","2","22,29","4,23","0,07","0,312","0,618","Ecuador ","Ecuador",5.1,120,"ECU","Americas",31,1.96,28,35,NA,33,22,32,NA,NA,NA,32,32,NA,37,NA,NA,6,"Ecuador","Latin America and Caribbean",51,5.976,5.88,6.072,0.97306,0.85974,0.68613,0.4027,0.18037,0.10074,2.77366,"Ecuador"
"64","NORTHERN AFRICA                    ",78887007,1001450,"78,8","0,24","-0,22","32,59",4000,"57,7","131,8","2,87","0,48","96,65","1","22,94","5,23","0,149","0,357","0,493","Egypt ","Egypt",12.2,108,"EGY","Middle East and North Africa",34,2.72,29,38,NA,42,22,32,NA,NA,NA,37,32,NA,37,NA,NA,6,"Egypt","Middle East and Northern Africa",120,4.362,4.259,4.465,0.95395,0.49813,0.52116,0.18847,0.10393,0.12706,1.96895,"Egypt"
"65","LATIN AMER. & CARIB    ",6822378,21040,"324,3","1,46","-3,74","25,1",4800,"80,2","142,4","31,85","12,07","56,08","2","26,61","5,78","0,099","0,302","0,599","El Salvador ","El Salvador",7,95,"SLV","Americas",36,2.76,31,40,NA,32,22,45,NA,NA,NA,34,41,40,37,NA,NA,7,"El Salvador","Latin America and Caribbean",46,6.068,5.967,6.169,0.8737,0.80975,0.596,0.37269,0.10613,0.08877,3.22134,"El Salvador"
"66","SUB-SAHARAN AFRICA                 ",540109,28051,"19,3","1,06","0","85,13",2700,"85,7","18,5","4,63","3,57","91,8","2","35,59","15,06","0,03","0,906","0,062","Equatorial Guinea ","Guinea",2.8,142,"GIN","Sub-Saharan Africa",27,2.54,22,31,24,NA,22,36,26,NA,NA,NA,24,NA,NA,NA,NA,5,"Guinea","Sub-Saharan Africa",151,3.607,3.533,3.681,0.22415,0.3109,0.18829,0.30953,0.1192,0.29914,2.15604,"Guinea"
"67","SUB-SAHARAN AFRICA                 ",540109,28051,"19,3","1,06","0","85,13",2700,"85,7","18,5","4,63","3,57","91,8","2","35,59","15,06","0,03","0,906","0,062","Equatorial Guinea ","Equatorial Guinea",8.6,142,"GIN","Sub-Saharan Africa",27,2.54,22,31,24,NA,22,36,26,NA,NA,NA,24,NA,NA,NA,NA,5,"Guinea","Sub-Saharan Africa",151,3.607,3.533,3.681,0.22415,0.3109,0.18829,0.30953,0.1192,0.29914,2.15604,"Guinea"
"68","SUB-SAHARAN AFRICA                 ",4786994,121320,"39,5","1,84","0","74,87",700,"58,6","7,9","4,95","0,03","95,02","1,5","34,33","9,6","0,102","0,254","0,643","Eritrea ","Eritrea",8.6,164,"ERI","Sub-Saharan Africa",18,6.24,8,28,13,NA,34,12,0,NA,NA,NA,NA,29,NA,NA,NA,5,"Eritrea",NA,NA,NA,NA,NA,NA,NA,NA,NA,NA,NA,NA,NA
"69","BALTICS                            ",1324333,45226,"29,3","8,39","-3,16","7,87",12300,"99,8","333,8","16,04","0,45","83,51","3","10,04","13,25","0,04","0,294","0,666","Estonia ","Estonia",8.4,22,"EST","Europe and Central Asia",70,2.16,66,73,NA,76,71,73,NA,66,80,70,67,69,54,70,NA,10,"Estonia","Central and Eastern Europe",72,5.517,5.437,5.597,1.27964,1.05163,0.68098,0.41511,0.18519,0.08423,1.81985,"Estonia"
"70","SUB-SAHARAN AFRICA                 ",74777981,1127127,"66,3","0,00","0","95,32",700,"42,7","8,2","10,71","0,75","88,54","2","37,98","14,86","0,475","0,099","0,426","Ethiopia ","Ethiopia",17.5,108,"ETH","Sub-Saharan Africa",34,1.37,31,36,35,37,34,24,38,NA,NA,33,32,32,37,NA,NA,9,"Ethiopia","Sub-Saharan Africa",115,4.508,4.425,4.591,0.29283,0.37932,0.34578,0.36703,0.1717,0.29522,2.65614,"Ethiopia"
"71","WESTERN EUROPE                     ",47246,1399,"33,8","79,84","1,41","6,24",22000,"","503,8","2,14","0","97,86","","14,05","8,7","0,27","0,11","0,62","Faroe Islands ","Faroe Islands",2.8,NA,NA,NA,NA,NA,NA,NA,NA,NA,NA,NA,NA,NA,NA,NA,NA,NA,NA,NA,NA,NA,NA,NA,NA,NA,NA,NA,NA,NA,NA,NA,NA,NA,NA,NA
"72","OCEANIA                            ",905949,18270,"49,6","6,18","-3,14","12,62",5800,"93,7","112,6","10,95","4,65","84,4","2","22,55","5,65","0,089","0,135","0,776","Fiji ","Fiji",5.5,NA,NA,NA,NA,NA,NA,NA,NA,NA,NA,NA,NA,NA,NA,NA,NA,NA,NA,NA,NA,NA,NA,NA,NA,NA,NA,NA,NA,NA,NA,NA,NA,NA,NA,NA
"73","WESTERN EUROPE                     ",5231372,338145,"15,5","0,37","0,95","3,57",27400,"100,0","405,3","7,19","0,03","92,78","3","10,45","9,86","0,028","0,295","0,676","Finland ","Finland",8.7,3,"FIN","Europe and Central Asia",89,1.46,87,92,NA,91,83,NA,NA,94,90,85,93,NA,90,NA,NA,7,"Finland","Western Europe",5,7.413,7.351,7.475,1.40598,1.13464,0.81091,0.57104,0.41004,0.25492,2.82596,"Finland"
"74","WESTERN EUROPE                     ",60876136,547030,"111,3","0,63","0,66","4,26",27600,"99,0","586,4","33,53","2,07","64,4","4","11,99","9,14","0,022","0,214","0,764","France ","France",9.5,23,"FRA","Europe and Central Asia",69,2.97,64,74,NA,69,71,NA,NA,73,52,69,76,NA,72,NA,NA,7,"France","Western Europe",32,6.478,6.397,6.559,1.39488,1.00508,0.83795,0.46562,0.17808,0.1216,2.4744,"France"
"75","LATIN AMER. & CARIB    ",199509,91000,"2,2","0,42","6,27","12,07",8300,"83,0","255,6","0,14","0,05","99,81","2","20,46","4,88","0,066","0,156","0,778","French Guiana ",NA,NA,NA,NA,NA,NA,NA,NA,NA,NA,NA,NA,NA,NA,NA,NA,NA,NA,NA,NA,NA,NA,NA,NA,NA,NA,NA,NA,NA,NA,NA,NA,NA,NA,NA,NA,NA
"76","OCEANIA                            ",274578,4167,"65,9","60,60","2,94","8,44",17500,"98,0","194,5","0,82","5,46","93,72","2","16,68","4,69","0,031","0,19","0,769","French Polynesia ","French Polynesia",21.8,NA,NA,NA,NA,NA,NA,NA,NA,NA,NA,NA,NA,NA,NA,NA,NA,NA,NA,NA,NA,NA,NA,NA,NA,NA,NA,NA,NA,NA,NA,NA,NA,NA,NA,NA
"77","SUB-SAHARAN AFRICA                 ",1424906,267667,"5,3","0,33","0","53,64",5500,"63,2","27,4","1,26","0,66","98,08","2","36,16","12,25","0,061","0,592","0,348","Gabon ","Gabon",28,101,"GAB","Sub-Saharan Africa",35,0.97,33,36,NA,36,34,NA,NA,NA,NA,NA,32,NA,37,NA,NA,4,"Gabon","Sub-Saharan Africa",134,4.121,4.03,4.212,1.15851,0.72368,0.3494,0.28098,0.09314,0.06244,1.45332,"Gabon"
"78","SUB-SAHARAN AFRICA                 ",1641564,11300,"145,3","0,71","1,57","72,02",1700,"40,1","26,8","25","0,5","74,5","2","39,37","12,25","0,308","0,142","0,549","Gambia, The ",NA,NA,145,"GMB","Sub-Saharan Africa",26,7.2,14,38,13,44,34,NA,5,NA,NA,NA,32,NA,NA,NA,NA,5,"Gambia",NA,NA,NA,NA,NA,NA,NA,NA,NA,NA,NA,NA,NA
"79","NEAR EAST                          ",1428757,360,"3968,8","11,11","1,6","22,93",600,"","244,3","28,95","21,05","50","3","39,45","3,8","0,03","0,283","0,687","Gaza Strip ","Gaza Strip",26.7,NA,NA,NA,NA,NA,NA,NA,NA,NA,NA,NA,NA,NA,NA,NA,NA,NA,NA,NA,NA,NA,NA,NA,NA,NA,NA,NA,NA,NA,NA,NA,NA,NA,NA,NA
"80","C.W. OF IND. STATES ",4661473,69700,"66,9","0,44","-4,7","18,59",2500,"99,0","146,6","11,44","3,86","84,7","3","10,41","9,23","0,172","0,275","0,553","Georgia ","Georgia",11.5,44,"GEO","Europe and Central Asia",57,3.61,51,63,NA,68,47,53,NA,NA,NA,61,NA,65,NA,49,NA,6,"Georgia","Central and Eastern Europe",126,4.252,4.164,4.34,0.83792,0.19249,0.64035,0.32461,0.3188,0.06786,1.87031,"Georgia"
"81","WESTERN EUROPE                     ",82422299,357021,"230,9","0,67","2,18","4,16",27600,"99,0","667,9","33,85","0,59","65,56","3","8,25","10,62","0,009","0,296","0,695","Germany ","Germany",3.8,10,"DEU","Europe and Central Asia",81,2.73,77,86,NA,67,83,NA,NA,85,80,79,85,NA,90,NA,NA,7,"Germany","Western Europe",16,6.994,6.93,7.058,1.44787,1.09774,0.81487,0.53466,0.28551,0.30452,2.50931,"Germany"
"82","SUB-SAHARAN AFRICA                 ",22409572,239460,"93,6","0,23","-0,64","51,43",2200,"74,8","14,4","16,26","9,67","74,07","2","30,52","9,72","0,366","0,246","0,387","Ghana ","Ghana",11.9,70,"GHA","Sub-Saharan Africa",43,2.89,39,48,47,30,34,45,53,NA,NA,35,50,42,54,NA,NA,9,"Ghana","Sub-Saharan Africa",124,4.276,4.185,4.367,0.63107,0.49353,0.29681,0.40973,0.0326,0.21203,2.2002,"Ghana"
"83","WESTERN EUROPE                     ",27928,7,"3989,7","171,43","0","5,13",17500,"","877,7","0","0","100","","10,74","9,31","","","","Gibraltar ","Gibraltar",1,NA,NA,NA,NA,NA,NA,NA,NA,NA,NA,NA,NA,NA,NA,NA,NA,NA,NA,NA,NA,NA,NA,NA,NA,NA,NA,NA,NA,NA,NA,NA,NA,NA,NA,NA
"84","WESTERN EUROPE                     ",10688058,131940,"81,0","10,37","2,35","5,53",20000,"97,5","589,7","21,1","8,78","70,12","3","9,68","10,24","0,054","0,213","0,733","Greece ","Greece",22.3,69,"GRC","Europe and Central Asia",44,2.5,40,48,NA,42,47,NA,NA,37,52,53,41,NA,37,NA,NA,7,"Greece","Western Europe",99,5.033,4.935,5.131,1.24886,0.75473,0.80029,0.05822,0.04127,0,2.12944,"Greece"
"85","NORTHERN AMERICA                   ",56361,2166086,"0,0","2,04","-8,37","15,82",20000,"","448,9","0","0","100","1","15,93","7,84","","","","Greenland ","Greenland",9.1,NA,NA,NA,NA,NA,NA,NA,NA,NA,NA,NA,NA,NA,NA,NA,NA,NA,NA,NA,NA,NA,NA,NA,NA,NA,NA,NA,NA,NA,NA,NA,NA,NA,NA,NA
"86","LATIN AMER. & CARIB    ",89703,344,"260,8","35,17","-13,92","14,62",5000,"98,0","364,5","5,88","29,41","64,71","2","22,08","6,88","0,054","0,18","0,766","Grenada ","Grenada",33.5,46,"GRD","Americas",56,4.63,48,63,58,NA,47,NA,NA,NA,NA,62,NA,NA,NA,NA,NA,3,"Grenada",NA,NA,NA,NA,NA,NA,NA,NA,NA,NA,NA,NA,NA
"87","LATIN AMER. & CARIB    ",452776,1780,"254,4","17,19","-0,15","8,6",8000,"90,0","463,8","11,24","3,55","85,21","2","15,05","6,09","0,15","0,17","0,68","Guadeloupe ",NA,NA,NA,NA,NA,NA,NA,NA,NA,NA,NA,NA,NA,NA,NA,NA,NA,NA,NA,NA,NA,NA,NA,NA,NA,NA,NA,NA,NA,NA,NA,NA,NA,NA,NA,NA,NA
"88","OCEANIA                            ",171019,541,"316,1","23,20","0","6,94",21000,"99,0","492,0","9,09","16,36","74,55","2","18,79","4,48","","","","Guam ","Guam",8.4,NA,NA,NA,NA,NA,NA,NA,NA,NA,NA,NA,NA,NA,NA,NA,NA,NA,NA,NA,NA,NA,NA,NA,NA,NA,NA,NA,NA,NA,NA,NA,NA,NA,NA,NA
"89","LATIN AMER. & CARIB    ",12293545,108890,"112,9","0,37","-1,67","35,93",4100,"70,6","92,1","12,54","5,03","82,43","2","29,88","5,2","0,227","0,188","0,585","Guatemala ","Guatemala",2.4,136,"GTM","Americas",28,2.58,24,32,NA,35,22,32,NA,NA,NA,27,32,NA,19,NA,NA,6,"Guatemala","Latin America and Caribbean",39,6.324,6.213,6.435,0.83454,0.87119,0.54039,0.50379,0.08701,0.28808,3.19863,"Guatemala"
"90","WESTERN EUROPE                     ",65409,78,"838,6","64,10","3,84","4,71",20000,"","842,4","","","","3","8,81","10,01","0,03","0,1","0,87","Guernsey ","Guernsey",1.2,NA,NA,NA,NA,NA,NA,NA,NA,NA,NA,NA,NA,NA,NA,NA,NA,NA,NA,NA,NA,NA,NA,NA,NA,NA,NA,NA,NA,NA,NA,NA,NA,NA,NA,NA
"91","SUB-SAHARAN AFRICA                 ",9690222,245857,"39,4","0,13","-3,06","90,37",2100,"35,9","2,7","3,63","2,58","93,79","2","41,76","15,48","0,237","0,362","0,401","Guinea ","Guinea",2.8,142,"GIN","Sub-Saharan Africa",27,2.54,22,31,24,NA,22,36,26,NA,NA,NA,24,NA,NA,NA,NA,5,"Guinea","Sub-Saharan Africa",151,3.607,3.533,3.681,0.22415,0.3109,0.18829,0.30953,0.1192,0.29914,2.15604,"Guinea"
"92","SUB-SAHARAN AFRICA                 ",1442029,36120,"39,9","0,97","-1,57","107,17",800,"42,4","7,4","10,67","8,82","80,51","2","37,22","16,53","0,62","0,12","0,26","Guinea-Bissau ","Guinea",2.8,142,"GIN","Sub-Saharan Africa",27,2.54,22,31,24,NA,22,36,26,NA,NA,NA,24,NA,NA,NA,NA,5,"Guinea","Sub-Saharan Africa",151,3.607,3.533,3.681,0.22415,0.3109,0.18829,0.30953,0.1192,0.29914,2.15604,"Guinea"
"93","SUB-SAHARAN AFRICA                 ",1442029,36120,"39,9","0,97","-1,57","107,17",800,"42,4","7,4","10,67","8,82","80,51","2","37,22","16,53","0,62","0,12","0,26","Guinea-Bissau ","Guinea",2.8,168,"GNB","Sub-Saharan Africa",16,2.09,13,20,13,NA,22,NA,14,NA,NA,NA,15,NA,NA,NA,NA,4,"Guinea-Bissau","Sub-Saharan Africa",151,3.607,3.533,3.681,0.22415,0.3109,0.18829,0.30953,0.1192,0.29914,2.15604,"Guinea"
"94","LATIN AMER. & CARIB    ",767245,214970,"3,6","0,21","-2,07","33,26",4000,"98,8","143,5","2,44","0,15","97,41","2","18,28","8,28","0,37","0,203","0,427","Guyana ","Guyana",11.1,108,"GUY","Americas",34,3.57,29,40,35,25,34,NA,NA,NA,NA,40,25,47,NA,NA,NA,6,"Guyana",NA,NA,NA,NA,NA,NA,NA,NA,NA,NA,NA,NA,NA
"95","LATIN AMER. & CARIB    ",8308504,27750,"299,4","6,38","-3,4","73,45",1600,"52,9","16,9","28,3","11,61","60,09","2","36,44","12,17","0,28","0,2","0,52","Haiti ","Haiti",40.6,159,"HTI","Americas",20,1.81,17,23,24,20,22,16,NA,NA,NA,NA,15,NA,NA,NA,NA,5,"Haiti","Latin America and Caribbean",136,4.028,3.893,4.163,0.34097,0.29561,0.27494,0.12072,0.14476,0.47958,2.37116,"Haiti"
"96","LATIN AMER. & CARIB    ",7326496,112090,"65,4","0,73","-1,99","29,32",2600,"76,2","67,5","9,55","3,22","87,23","2","28,24","5,28","0,139","0,312","0,549","Honduras ","Honduras",5.9,123,"HND","Americas",30,3.05,25,35,35,26,22,36,NA,NA,NA,27,41,NA,19,NA,NA,7,"Honduras","Latin America and Caribbean",104,4.871,4.75,4.992,0.69429,0.75596,0.58383,0.26755,0.06906,0.2044,2.29551,"Honduras"
"97","ASIA (EX. NEAR EAST)         ",6940432,1092,"6355,7","67,12","5,24","2,97",28800,"93,5","546,7","5,05","1,01","93,94","2","7,29","6,29","0,001","0,092","0,906","Hong Kong ","Hong Kong",2.6,15,"HKG","Asia Pacific",77,2.62,73,82,NA,82,83,NA,NA,87,NA,77,67,NA,72,NA,74,7,"Hong Kong","Eastern Asia",75,5.458,5.362,5.554,1.5107,0.87021,0.95277,0.48079,0.31647,0.40097,0.92614,"Hong Kong"
"98","EASTERN EUROPE                     ",9981334,93030,"107,3","0,00","0,86","8,57",13900,"99,4","336,2","50,09","2,06","47,85","3","9,72","13,11","0,037","0,312","0,651","Hungary ","Hungary",4.4,57,"HUN","Europe and Central Asia",48,2.89,43,53,NA,43,59,53,NA,37,33,49,50,NA,54,54,NA,9,"Hungary","Central and Eastern Europe",91,5.145,5.056,5.234,1.24142,0.93164,0.67608,0.1977,0.04472,0.099,1.95473,"Hungary"
"99","WESTERN EUROPE                     ",299388,103000,"2,9","4,83","2,38","3,31",30900,"99,9","647,7","0,07","0","99,93","3","13,64","6,72","0,086","0,15","0,765","Iceland ","Iceland",2.8,14,"ISL","Europe and Central Asia",78,3.81,71,84,NA,85,83,NA,NA,80,61,NA,85,NA,72,NA,NA,6,"Iceland","Western Europe",3,7.501,7.333,7.669,1.42666,1.18326,0.86733,0.56624,0.14975,0.47678,2.83137,"Iceland"
"100","ASIA (EX. NEAR EAST)         ",1095351995,3287590,"333,2","0,21","-0,07","56,29",2900,"59,5","45,4","54,4","2,74","42,86","2,5","22,01","8,18","0,186","0,276","0,538","India ","India",8.8,79,"IND","Asia Pacific",40,2.47,36,44,NA,54,34,45,NA,39,NA,34,41,NA,37,NA,34,8,"India","Southern Asia",118,4.404,4.351,4.457,0.74036,0.29247,0.45091,0.40285,0.08722,0.25028,2.18032,"India"
"101","ASIA (EX. NEAR EAST)         ",245452739,1919440,"127,9","2,85","0","35,6",3200,"87,9","52,0","11,32","7,23","81,45","2","20,34","6,25","0,134","0,458","0,408","Indonesia ","Indonesia",5.4,90,"IDN","Asia Pacific",37,2.39,33,41,NA,40,34,36,NA,39,NA,26,50,NA,37,NA,35,8,"Indonesia","Southeastern Asia",79,5.314,5.237,5.391,0.95104,0.87625,0.49374,0.39237,0.00322,0.56521,2.03171,"Indonesia"
"102","ASIA (EX. NEAR EAST)         ",68688433,1648000,"41,7","0,15","-0,84","41,58",7000,"79,4","276,4","8,72","1,39","89,89","1","17","5,55","0,116","0,424","0,46","Iran ","Iran",12.4,131,"IRN","Middle East and North Africa",29,2.47,25,33,NA,34,34,24,NA,NA,NA,35,24,33,19,NA,NA,7,"Iran","Middle East and Northern Africa",105,4.813,4.703,4.923,1.11758,0.38857,0.64232,0.22544,0.0557,0.38538,1.99817,"Iran"
"103","NEAR EAST                          ",26783383,437072,"61,3","0,01","0","50,25",1500,"40,4","38,6","13,15","0,78","86,07","1","31,98","5,37","0,073","0,666","0,261","Iraq ","Iraq",16,166,"IRQ","Middle East and North Africa",17,1.87,14,20,NA,NA,10,20,NA,NA,NA,NA,15,19,19,NA,NA,5,"Iraq","Middle East and Northern Africa",112,4.575,4.446,4.704,1.07474,0.59205,0.51076,0.24856,0.13636,0.19589,1.81657,"Iraq"
"104","WESTERN EUROPE                     ",4062235,70280,"57,8","2,06","4,99","5,39",29600,"98,0","500,5","15,2","0,03","84,77","3","14,45","7,82","0,05","0,46","0,49","Ireland ","Ireland",6.4,19,"IRL","Europe and Central Asia",73,4.31,66,80,NA,83,71,NA,NA,83,71,NA,76,NA,54,NA,NA,6,"Ireland","Western Europe",19,6.907,6.836,6.978,1.48341,1.16157,0.81455,0.54008,0.29754,0.44963,2.15988,"Ireland"
"105","WESTERN EUROPE                     ",75441,572,"131,9","27,97","5,36","5,93",21000,"","676,0","9","0","91","3","11,05","11,19","0,01","0,13","0,86","Isle of Man ","Isle of Man",2.7,NA,NA,NA,NA,NA,NA,NA,NA,NA,NA,NA,NA,NA,NA,NA,NA,NA,NA,NA,NA,NA,NA,NA,NA,NA,NA,NA,NA,NA,NA,NA,NA,NA,NA,NA
"106","NEAR EAST                          ",6352117,20770,"305,8","1,31","0,68","7,03",19800,"95,4","462,3","16,39","4,17","79,44","3","17,97","6,18","0,026","0,317","0,657","Israel ","Israel",4.3,28,"ISR","Middle East and North Africa",64,2.27,60,68,NA,69,59,NA,NA,64,61,NA,58,NA,72,NA,NA,6,"Israel","Middle East and Northern Africa",11,7.267,7.199,7.335,1.33766,0.99537,0.84917,0.36432,0.08728,0.32288,3.31029,"Israel"
"107","WESTERN EUROPE                     ",58133509,301230,"193,0","2,52","2,07","5,94",26700,"98,6","430,9","27,79","9,53","62,68","","8,72","10,4","0,021","0,291","0,688","Italy ","Italy",11.4,60,"ITA","Europe and Central Asia",47,3.34,42,53,NA,47,59,NA,NA,39,52,57,41,NA,37,NA,NA,7,"Italy","Western Europe",50,5.977,5.898,6.056,1.35495,1.04167,0.85102,0.18827,0.02556,0.16684,2.34918,"Italy"
"108","LATIN AMER. & CARIB    ",2758124,10991,"250,9","9,30","-4,92","12,36",3900,"87,9","124,0","16,07","10,16","73,77","2","20,82","6,52","0,049","0,337","0,615","Jamaica ","Jamaica",12.2,83,"JAM","Americas",39,1.84,36,42,NA,41,34,36,NA,NA,NA,47,41,NA,37,NA,NA,6,"Jamaica","Latin America and Caribbean",73,5.51,5.315,5.705,0.89333,0.96372,0.59469,0.43597,0.04294,0.22245,2.35682,"Jamaica"
"109","ASIA (EX. NEAR EAST)         ",127463611,377835,"337,4","7,87","0","3,26",28200,"99,0","461,2","12,19","0,96","86,85","3","9,37","9,16","0,017","0,258","0,725","Japan ","Japan",2.9,20,"JPN","Asia Pacific",72,3.02,67,77,NA,78,71,NA,NA,74,52,75,76,NA,72,NA,78,8,"Japan","Eastern Asia",53,5.921,5.85,5.992,1.38007,1.06054,0.91491,0.46761,0.18985,0.10224,1.80584,"Japan"
"110","WESTERN EUROPE                     ",91084,116,"785,2","60,34","2,76","5,24",24800,"","811,3","0","0","100","3","9,3","9,28","0,05","0,02","0,93","Jersey ","Jersey",4,NA,NA,NA,NA,NA,NA,NA,NA,NA,NA,NA,NA,NA,NA,NA,NA,NA,NA,NA,NA,NA,NA,NA,NA,NA,NA,NA,NA,NA,NA,NA,NA,NA,NA,NA
"111","NEAR EAST                          ",5906760,92300,"64,0","0,03","6,59","17,35",4300,"91,3","104,5","2,67","1,83","95,5","1","21,25","2,65","0,033","0,287","0,68","Jordan ","Jordan",16.5,57,"JOR","Middle East and North Africa",48,3.03,43,53,NA,60,34,40,NA,53,NA,50,50,40,54,NA,NA,8,"Jordan","Middle East and Northern Africa",80,5.303,5.187,5.419,0.99673,0.86216,0.60712,0.36023,0.13297,0.14262,2.20142,"Jordan"
"112","C.W. OF IND. STATES ",15233244,2717300,"5,6","0,00","-3,35","29,21",6300,"98,4","164,1","7,98","0,05","91,97","4","16","9,42","0,067","0,386","0,547","Kazakhstan ","Kazakhstan",5,131,"KAZ","Europe and Central Asia",29,3.35,23,34,NA,45,34,20,NA,41,NA,32,24,16,19,28,NA,9,"Kazakhstan","Central and Eastern Europe",54,5.919,5.837,6.001,1.22943,0.95544,0.57386,0.4052,0.11132,0.15011,2.49325,"Kazakhstan"
"113","SUB-SAHARAN AFRICA                 ",34707817,582650,"59,6","0,09","-0,1","61,47",1000,"85,1","8,1","8,08","0,98","90,94","1,5","39,72","14,02","0,163","0,188","0,651","Kenya ","Kenya",40,145,"KEN","Sub-Saharan Africa",26,1.72,24,29,35,30,22,28,29,NA,NA,21,24,28,19,NA,NA,9,"Kenya","Sub-Saharan Africa",122,4.356,4.259,4.453,0.52267,0.7624,0.30147,0.40576,0.06686,0.41328,1.88326,"Kenya"
"114","OCEANIA                            ",105432,811,"130,0","140,94","0","48,52",800,"","42,7","2,74","50,68","46,58","2","30,65","8,26","0,089","0,242","0,668","Kiribati ","Kiribati",30.6,NA,NA,NA,NA,NA,NA,NA,NA,NA,NA,NA,NA,NA,NA,NA,NA,NA,NA,NA,NA,NA,NA,NA,NA,NA,NA,NA,NA,NA,NA,NA,NA,NA,NA,NA
"115","ASIA (EX. NEAR EAST)         ",23113019,120540,"191,8","2,07","0","24,04",1300,"99,0","42,4","20,76","2,49","76,75","3","15,54","7,13","0,3","0,34","0,36","Korea, North ",NA,NA,NA,NA,NA,NA,NA,NA,NA,NA,NA,NA,NA,NA,NA,NA,NA,NA,NA,NA,NA,NA,NA,NA,NA,NA,NA,NA,NA,NA,NA,NA,NA,NA,NA,NA,NA
"116","ASIA (EX. NEAR EAST)         ",48846823,98480,"496,0","2,45","0","7,05",17800,"97,9","486,1","17,18","1,95","80,87","3","10","5,85","0,033","0,403","0,563","Korea, South ",NA,NA,NA,NA,NA,NA,NA,NA,NA,NA,NA,NA,NA,NA,NA,NA,NA,NA,NA,NA,NA,NA,NA,NA,NA,NA,NA,NA,NA,NA,NA,NA,NA,NA,NA,NA,NA
"117","NEAR EAST                          ",2418393,17820,"135,7","2,80","14,18","9,95",19000,"83,5","211,0","0,73","0,11","99,16","1","21,94","2,41","0,004","0,479","0,516","Kuwait ","Kuwait",2.1,75,"KWT","Middle East and North Africa",41,2.67,37,45,NA,43,34,40,NA,NA,NA,NA,50,NA,37,NA,NA,5,"Kuwait","Middle East and Northern Africa",41,6.239,6.154,6.324,1.61714,0.87758,0.63569,0.43166,0.23669,0.15965,2.28085,"Kuwait"
"118","C.W. OF IND. STATES ",5213898,198500,"26,3","0,00","-2,45","35,64",1600,"97,0","84,0","7,3","0,35","92,35","2,5","22,8","7,08","0,353","0,208","0,439","Kyrgyzstan ","Kyrgyzstan",7.4,136,"KGZ","Europe and Central Asia",28,2.08,24,31,35,23,22,32,NA,NA,NA,29,NA,21,NA,30,NA,7,"Kyrgyzstan","Central and Eastern Europe",85,5.185,5.103,5.267,0.56044,0.95434,0.55449,0.40212,0.04762,0.38432,2.28136,"Kyrgyzstan"
"119","ASIA (EX. NEAR EAST)         ",6368481,236800,"26,9","0,00","0","85,22",1700,"66,4","14,1","3,8","0,35","95,85","2","35,49","11,55","0,455","0,287","0,258","Laos ","Laos",1.5,123,"LAO","Asia Pacific",30,6.19,20,40,24,45,34,16,NA,NA,NA,NA,NA,NA,NA,NA,NA,4,"Laos","Southeastern Asia",102,4.876,4.742,5.01,0.68042,0.5497,0.38291,0.52168,0.22423,0.43079,2.08637,"Laos"
"120","BALTICS                            ",2274735,64589,"35,2","0,82","-2,23","9,55",10200,"99,8","321,4","29,67","0,47","69,86","3","9,24","13,66","0,04","0,261","0,699","Latvia ","Latvia",9,44,"LVA","Europe and Central Asia",57,2.96,52,62,NA,48,59,57,NA,45,71,NA,50,67,54,65,NA,9,"Latvia","Central and Eastern Europe",68,5.56,5.486,5.634,1.21788,0.95025,0.63952,0.27996,0.0889,0.17445,2.20859,"Latvia"
"121","NEAR EAST                          ",3874050,10400,"372,5","2,16","0","24,52",4800,"87,4","255,6","16,62","13,98","69,4","","18,52","6,21","0,12","0,21","0,67","Lebanon ",NA,NA,136,"LBN","Middle East and North Africa",28,2.5,24,32,NA,23,22,20,NA,NA,NA,30,32,34,37,NA,NA,7,"Lebanon","Middle East and Northern Africa",93,5.129,5.031,5.227,1.12268,0.64184,0.76171,0.26228,0.03061,0.23693,2.07339,"Lebanon"
"122","SUB-SAHARAN AFRICA                 ",2022331,30355,"66,6","0,00","-0,74","84,23",3000,"84,8","23,7","10,87","0,13","89","3","24,75","28,71","0,163","0,443","0,394","Lesotho ","Lesotho",28.1,83,"LSO","Sub-Saharan Africa",39,6.15,29,49,35,20,59,40,38,NA,NA,NA,NA,NA,NA,NA,NA,5,"Lesotho",NA,NA,NA,NA,NA,NA,NA,NA,NA,NA,NA,NA,NA
"123","SUB-SAHARAN AFRICA                 ",3042004,111370,"27,3","0,52","0","128,87",1000,"57,5","2,3","3,95","2,28","93,77","2","44,77","23,1","0,769","0,054","0,177","Liberia ","Liberia",2.8,90,"LBR","Sub-Saharan Africa",37,3.43,31,43,35,45,34,45,41,NA,NA,19,41,NA,NA,NA,NA,7,"Liberia","Sub-Saharan Africa",150,3.622,3.463,3.781,0.10706,0.50353,0.23165,0.25748,0.04852,0.24063,2.23284,"Liberia"
"124","NORTHERN AFRICA                    ",5900754,1759540,"3,4","0,10","0","24,6",6400,"82,6","127,1","1,03","0,19","98,78","","26,49","3,48","0,076","0,499","0,425","Libya ","Libya",30,170,"LBY","Middle East and North Africa",14,2,11,17,NA,NA,10,12,NA,NA,NA,NA,15,NA,19,NA,NA,4,"Libya","Middle East and Northern Africa",67,5.615,5.406,5.824,1.06688,0.95076,0.52304,0.40672,0.10339,0.17087,2.39374,"Libya"
"125","WESTERN EUROPE                     ",33987,160,"212,4","0,00","4,85","4,7",25000,"100,0","585,5","25","0","75","4","10,21","7,18","0,06","0,39","0,55","Liechtenstein ","Liechtenstein",2.4,NA,NA,NA,NA,NA,NA,NA,NA,NA,NA,NA,NA,NA,NA,NA,NA,NA,NA,NA,NA,NA,NA,NA,NA,NA,NA,NA,NA,NA,NA,NA,NA,NA,NA,NA
"126","BALTICS                            ",3585906,65200,"55,0","0,14","-0,71","6,89",11400,"99,6","223,4","45,22","0,91","53,87","","8,75","10,98","0,055","0,325","0,62","Lithuania ","Lithuania",7,38,"LTU","Europe and Central Asia",59,1.36,57,61,NA,56,59,65,NA,53,61,NA,58,64,54,59,NA,9,"Lithuania","Central and Eastern Europe",60,5.813,5.734,5.892,1.2692,1.06411,0.64674,0.18929,0.0182,0.02025,2.60525,"Lithuania"
"127","WESTERN EUROPE                     ",474413,2586,"183,5","0,00","8,97","4,81",55100,"100,0","515,4","23,28","0,4","76,32","","11,94","8,41","0,01","0,13","0,86","Luxembourg ","Luxembourg",5.9,10,"LUX","Europe and Central Asia",81,1.96,78,84,NA,85,83,NA,NA,81,80,NA,85,NA,72,NA,NA,6,"Luxembourg","Western Europe",20,6.871,6.804,6.938,1.69752,1.03999,0.84542,0.5487,0.35329,0.27571,2.11055,"Luxembourg"
"128","ASIA (EX. NEAR EAST)         ",453125,28,"16183,0","146,43","4,86","4,39",19400,"94,5","384,9","0","0","100","2","8,48","4,47","0,001","0,072","0,927","Macau ","Macau",2,NA,NA,NA,NA,NA,NA,NA,NA,NA,NA,NA,NA,NA,NA,NA,NA,NA,NA,NA,NA,NA,NA,NA,NA,NA,NA,NA,NA,NA,NA,NA,NA,NA,NA,NA
"129","EASTERN EUROPE                     ",2050554,25333,"80,9","0,00","-1,45","10,09",6700,"","260,0","22,26","1,81","75,93","3","12,02","8,77","0,118","0,319","0,563","Macedonia ","Macedonia",23.4,NA,NA,NA,NA,NA,NA,NA,NA,NA,NA,NA,NA,NA,NA,NA,NA,NA,NA,NA,NA,NA,NA,"Central and Eastern Europe",95,5.121,5.017,5.225,1.0193,0.78236,0.64738,0.27668,0.07047,0.23507,2.08947,"Macedonia"
"130","SUB-SAHARAN AFRICA                 ",18595469,587040,"31,7","0,82","0","76,83",800,"68,9","3,6","5,07","1,03","93,91","2","41,41","11,11","0,276","0,165","0,559","Madagascar ","Madagascar",2.1,145,"MDG","Sub-Saharan Africa",26,2.88,21,30,24,19,34,32,14,NA,NA,23,32,NA,NA,NA,NA,7,"Madagascar","Sub-Saharan Africa",148,3.695,3.621,3.769,0.27954,0.46115,0.37109,0.13684,0.07506,0.2204,2.15075,"Madagascar"
"131","SUB-SAHARAN AFRICA                 ",13013926,118480,"109,8","0,00","0","103,32",600,"62,7","7,9","23,38","1,49","75,13","2","43,13","19,33","0,342","0,158","0,499","Malawi ","Malawi",20.4,120,"MWI","Sub-Saharan Africa",31,2.11,28,35,24,27,34,36,38,NA,NA,32,32,36,19,NA,NA,9,"Malawi","Sub-Saharan Africa",132,4.156,4.041,4.271,0.08709,0.147,0.29364,0.4143,0.07564,0.30968,2.82859,"Malawi"
"132","ASIA (EX. NEAR EAST)         ",24385858,329750,"74,0","1,42","0","17,7",9000,"88,7","179,0","5,48","17,61","76,91","2","22,86","5,05","0,084","0,48","0,436","Malaysia ","Malaysia",3.4,55,"MYS","Asia Pacific",49,2.46,45,53,NA,56,59,49,NA,52,NA,41,41,NA,54,NA,44,8,"Malaysia","Southeastern Asia",47,6.005,5.921,6.089,1.25142,0.88025,0.62366,0.39031,0.09081,0.41474,2.35384,"Malaysia"
"133","ASIA (EX. NEAR EAST)         ",359008,300,"1196,7","214,67","0","56,52",3900,"97,2","90,0","13,33","16,67","70","2","34,81","7,06","0,2","0,18","0,62","Maldives ","Maldives",11.6,95,"MDV","Asia Pacific",36,5.66,27,46,35,NA,47,NA,NA,NA,NA,NA,NA,27,NA,NA,NA,3,"Maldives",NA,NA,NA,NA,NA,NA,NA,NA,NA,NA,NA,NA,NA
"134","SUB-SAHARAN AFRICA                 ",11716829,1240000,"9,5","0,00","-0,33","116,79",900,"46,4","6,4","3,82","0,03","96,15","2","49,82","16,89","0,45","0,17","0,38","Mali ","Mali",8.1,116,"MLI","Sub-Saharan Africa",32,1.75,29,35,35,24,34,32,35,NA,NA,NA,32,NA,NA,NA,NA,6,"Mali","Sub-Saharan Africa",135,4.073,3.988,4.158,0.31292,0.86333,0.16347,0.27544,0.13647,0.21064,2.11087,"Mali"
"135","WESTERN EUROPE                     ",400214,316,"1266,5","62,28","2,07","3,89",17700,"92,8","505,0","28,13","3,13","68,74","","10,22","8,1","0,03","0,23","0,74","Malta ","Malta",4.4,47,"MLT","Europe and Central Asia",55,1.39,53,58,NA,54,59,NA,NA,NA,52,NA,58,NA,54,NA,NA,5,"Malta","Western Europe",30,6.488,6.409,6.567,1.30782,1.09879,0.80315,0.54994,0.17554,0.56237,1.99032,"Malta"
"136","OCEANIA                            ",60422,11854,"5,1","3,12","-6,04","29,45",1600,"93,7","91,2","16,67","38,89","44,44","2","33,05","4,78","0,317","0,149","0,534","Marshall Islands ","Marshall Islands",36,NA,NA,NA,NA,NA,NA,NA,NA,NA,NA,NA,NA,NA,NA,NA,NA,NA,NA,NA,NA,NA,NA,NA,NA,NA,NA,NA,NA,NA,NA,NA,NA,NA,NA,NA
"137","LATIN AMER. & CARIB    ",436131,1100,"396,5","31,82","-0,05","7,09",14400,"97,7","394,4","10,38","9,43","80,19","2","13,74","6,48","0,06","0,11","0,83","Martinique ",NA,NA,NA,NA,NA,NA,NA,NA,NA,NA,NA,NA,NA,NA,NA,NA,NA,NA,NA,NA,NA,NA,NA,NA,NA,NA,NA,NA,NA,NA,NA,NA,NA,NA,NA,NA,NA
"138","SUB-SAHARAN AFRICA                 ",3177388,1030700,"3,1","0,07","0","70,89",1800,"41,7","12,9","0,48","0,01","99,51","1","40,99","12,16","0,25","0,29","0,46","Mauritania ","Mauritania",11.7,142,"MRT","Sub-Saharan Africa",27,3.62,21,33,35,15,22,32,29,NA,NA,NA,NA,NA,NA,NA,NA,5,"Mauritania","Sub-Saharan Africa",130,4.201,4.127,4.275,0.61391,0.84142,0.28639,0.1268,0.17955,0.22686,1.9263,"Mauritania"
"139","SUB-SAHARAN AFRICA                 ",1240827,2040,"608,3","8,68","-0,9","15,03",11400,"85,6","289,3","49,26","2,96","47,78","2","15,43","6,86","0,059","0,298","0,643","Mauritius ","Mauritius",6.9,50,"MUS","Sub-Saharan Africa",54,2.14,50,57,NA,53,59,49,NA,NA,NA,NA,NA,NA,54,NA,NA,4,"Mauritius","Sub-Saharan Africa",66,5.648,5.507,5.789,1.14372,0.75695,0.66189,0.46145,0.05203,0.36951,2.20223,"Mauritius"
"140","SUB-SAHARAN AFRICA                 ",201234,374,"538,1","49,52","6,78","62,4",2600,"","49,7","","","","2","40,95","7,7","","","","Mayotte ",NA,NA,NA,NA,NA,NA,NA,NA,NA,NA,NA,NA,NA,NA,NA,NA,NA,NA,NA,NA,NA,NA,NA,NA,NA,NA,NA,NA,NA,NA,NA,NA,NA,NA,NA,NA,NA
"141","LATIN AMER. & CARIB    ",107449525,1972550,"54,5","0,47","-4,87","20,91",9000,"92,2","181,6","12,99","1,31","85,7","1,5","20,69","4,74","0,038","0,259","0,702","Mexico ","Mexico",3.6,123,"MEX","Americas",30,1.56,28,33,NA,29,34,28,NA,32,33,26,24,NA,37,NA,NA,8,"Mexico","Latin America and Caribbean",21,6.778,6.68,6.876,1.11508,0.7146,0.71143,0.37709,0.18355,0.11735,3.55906,"Mexico"
"142","OCEANIA                            ",108004,702,"153,9","870,66","-20,99","30,21",2000,"89,0","114,8","5,71","45,71","48,58","2","24,68","4,75","0,289","0,152","0,559","Micronesia, Fed. St. ",NA,NA,NA,NA,NA,NA,NA,NA,NA,NA,NA,NA,NA,NA,NA,NA,NA,NA,NA,NA,NA,NA,NA,NA,NA,NA,NA,NA,NA,NA,NA,NA,NA,NA,NA,NA,NA
"143","C.W. OF IND. STATES ",4466706,33843,"132,0","0,00","-0,26","40,42",1800,"99,1","208,1","55,3","10,79","33,91","","15,7","12,64","0,213","0,233","0,555","Moldova ","Moldova",4.3,123,"MDA","Europe and Central Asia",30,2.18,27,34,24,23,34,40,NA,NA,NA,26,32,23,37,33,NA,9,"Moldova","Central and Eastern Europe",55,5.897,5.823,5.971,0.69177,0.83132,0.52309,0.25202,0.01903,0.19997,3.38007,"Moldova"
"144","WESTERN EUROPE                     ",32543,2,"16271,5","205,00","7,75","5,43",27000,"99,0","1035,6","0","0","100","","9,19","12,91","0,17","","","Monaco ","Monaco",2,NA,NA,NA,NA,NA,NA,NA,NA,NA,NA,NA,NA,NA,NA,NA,NA,NA,NA,NA,NA,NA,NA,NA,NA,NA,NA,NA,NA,NA,NA,NA,NA,NA,NA,NA
"145","ASIA (EX. NEAR EAST)         ",2832224,1564116,"1,8","0,00","0","53,79",1800,"97,8","55,1","0,77","0","99,23","1","21,59","6,95","0,206","0,214","0,58","Mongolia ","Mongolia",8,87,"MNG","Asia Pacific",38,1.7,35,41,47,38,47,36,NA,35,NA,38,32,34,37,NA,NA,9,"Mongolia","Eastern Asia",101,4.907,4.838,4.976,0.98853,1.08983,0.55469,0.35972,0.03285,0.34539,1.53586,"Mongolia"
"146","LATIN AMER. & CARIB    ",9439,102,"92,5","39,22","0","7,35",3400,"97,0","","20","0","80","2","17,59","7,1","","","","Montserrat ","Montserrat",6,NA,NA,NA,NA,NA,NA,NA,NA,NA,NA,NA,NA,NA,NA,NA,NA,NA,NA,NA,NA,NA,NA,NA,NA,NA,NA,NA,NA,NA,NA,NA,NA,NA,NA,NA
"147","NORTHERN AFRICA                    ",33241259,446550,"74,4","0,41","-0,98","41,62",4000,"51,7","40,4","19,61","2,17","78,22","","21,98","5,58","0,217","0,357","0,426","Morocco ","Morocco",9.3,90,"MAR","Middle East and North Africa",37,1.74,34,40,NA,42,34,28,NA,NA,NA,37,41,39,37,NA,NA,7,"Morocco","Middle East and Northern Africa",90,5.151,5.058,5.244,0.84058,0.38595,0.59471,0.25646,0.08404,0.04053,2.94891,"Morocco"
"148","SUB-SAHARAN AFRICA                 ",19686505,801590,"24,6","0,31","0","130,79",1200,"47,8","3,5","5,1","0,3","94,6","2","35,18","21,35","0,262","0,348","0,39","Mozambique ","Mozambique",22.4,142,"MOZ","Sub-Saharan Africa",27,2.57,23,31,24,25,22,28,14,NA,NA,NA,32,34,37,NA,NA,8,"Mozambique",NA,NA,NA,NA,NA,NA,NA,NA,NA,NA,NA,NA,NA
"149","SUB-SAHARAN AFRICA                 ",2044147,825418,"2,5","0,19","0","48,98",7200,"84,0","62,6","0,99","0","99,01","1","24,32","18,86","0,097","0,315","0,588","Namibia ","Namibia",28.1,53,"NAM","Sub-Saharan Africa",52,2.03,49,55,NA,49,59,49,NA,NA,NA,NA,50,NA,54,NA,NA,5,"Namibia","Sub-Saharan Africa",113,4.574,4.374,4.774,0.93287,0.70362,0.34745,0.48614,0.10398,0.07795,1.92198,"Namibia"
"150","OCEANIA                            ",13287,21,"632,7","142,86","0","9,95",5000,"","143,0","0","0","100","2","24,76","6,7","","","","Nauru ","Nauru",23,NA,NA,NA,NA,NA,NA,NA,NA,NA,NA,NA,NA,NA,NA,NA,NA,NA,NA,NA,NA,NA,NA,NA,NA,NA,NA,NA,NA,NA,NA,NA,NA,NA,NA,NA
"151","ASIA (EX. NEAR EAST)         ",28287147,147181,"192,2","0,00","0","66,98",1400,"45,2","15,9","21,68","0,64","77,68","","30,98","9,31","0,38","0,21","0,41","Nepal ","Nepal",3.3,131,"NPL","Asia Pacific",29,2.33,25,33,35,26,34,24,NA,NA,NA,31,NA,21,NA,NA,NA,6,"Nepal","Southern Asia",107,4.793,4.698,4.888,0.44626,0.69699,0.50073,0.37012,0.07008,0.3816,2.32694,"Nepal"
"152","WESTERN EUROPE                     ",16491461,41526,"397,1","1,09","2,91","5,04",28600,"99,0","460,8","26,71","0,97","72,32","3","10,9","8,68","0,021","0,244","0,736","Netherlands ","Netherlands",5.1,8,"NLD","Europe and Central Asia",83,2.32,79,87,NA,82,83,NA,NA,89,71,82,85,NA,90,NA,NA,7,"Netherlands","Western Europe",7,7.339,7.284,7.394,1.46468,1.02912,0.81231,0.55211,0.29927,0.47416,2.70749,"Netherlands"
"153","LATIN AMER. & CARIB    ",221736,960,"231,0","37,92","-0,41","10,03",11400,"96,7","365,3","10","0","90","2","14,78","6,45","0,01","0,15","0,84","Netherlands Antilles ","Netherlands",5.1,8,"NLD","Europe and Central Asia",83,2.32,79,87,NA,82,83,NA,NA,89,71,82,85,NA,90,NA,NA,7,"Netherlands","Western Europe",7,7.339,7.284,7.394,1.46468,1.02912,0.81231,0.55211,0.29927,0.47416,2.70749,"Netherlands"
"154","OCEANIA                            ",219246,19060,"11,5","11,83","0","7,72",15000,"91,0","252,2","0,38","0,33","99,29","2","18,11","5,69","0,15","0,088","0,762","New Caledonia ","New Caledonia",14.7,NA,NA,NA,NA,NA,NA,NA,NA,NA,NA,NA,NA,NA,NA,NA,NA,NA,NA,NA,NA,NA,NA,NA,NA,NA,NA,NA,NA,NA,NA,NA,NA,NA,NA,NA
"155","OCEANIA                            ",4076140,268680,"15,2","5,63","4,05","5,85",21600,"99,0","441,7","5,6","6,99","87,41","3","13,76","7,53","0,043","0,273","0,684","New Zealand ","New Zealand",4.9,1,"NZL","Asia Pacific",90,2.56,86,94,NA,90,83,NA,NA,95,99,79,93,NA,90,NA,NA,7,"New Zealand","Australia and New Zealand",8,7.334,7.264,7.404,1.36066,1.17278,0.83096,0.58147,0.41904,0.49401,2.47553,"New Zealand"
"156","LATIN AMER. & CARIB    ",5570129,129494,"43,0","0,70","-1,22","29,11",2300,"67,5","39,7","15,94","1,94","82,12","2","24,51","4,45","0,165","0,275","0,56","Nicaragua ","Nicaragua",6.5,145,"NIC","Americas",26,1.98,23,29,35,28,22,28,NA,NA,NA,26,24,NA,19,NA,NA,7,"Nicaragua","Latin America and Caribbean",48,5.992,5.877,6.107,0.69384,0.89521,0.65213,0.46582,0.16292,0.29773,2.82428,"Nicaragua"
"157","SUB-SAHARAN AFRICA                 ",12525094,1267000,"9,9","0,00","-0,67","121,69",800,"17,6","1,9","3,54","0,01","96,45","1","50,73","20,91","0,39","0,17","0,44","Niger ","Niger",2.6,101,"NER","Sub-Saharan Africa",35,3.25,29,40,35,NA,34,36,44,NA,NA,NA,24,NA,NA,NA,NA,5,"Niger","Sub-Saharan Africa",142,3.856,3.781,3.931,0.1327,0.6053,0.26162,0.38041,0.17176,0.2097,2.09469,"Niger"
"158","SUB-SAHARAN AFRICA                 ",131859731,923768,"142,7","0,09","0,26","98,8",900,"68,0","9,3","31,29","2,96","65,75","1,5","40,43","16,94","0,269","0,487","0,244","Nigeria ","Niger",2.6,101,"NER","Sub-Saharan Africa",35,3.25,29,40,35,NA,34,36,44,NA,NA,NA,24,NA,NA,NA,NA,5,"Niger","Sub-Saharan Africa",103,4.875,4.75,5,0.75216,0.64498,0.05108,0.27854,0.0305,0.23219,2.88586,"Nigeria"
"159","SUB-SAHARAN AFRICA                 ",131859731,923768,"142,7","0,09","0,26","98,8",900,"68,0","9,3","31,29","2,96","65,75","1,5","40,43","16,94","0,269","0,487","0,244","Nigeria ","Niger",2.6,101,"NER","Sub-Saharan Africa",35,3.25,29,40,35,NA,34,36,44,NA,NA,NA,24,NA,NA,NA,NA,5,"Niger","Sub-Saharan Africa",142,3.856,3.781,3.931,0.1327,0.6053,0.26162,0.38041,0.17176,0.2097,2.09469,"Niger"
"160","SUB-SAHARAN AFRICA                 ",131859731,923768,"142,7","0,09","0,26","98,8",900,"68,0","9,3","31,29","2,96","65,75","1,5","40,43","16,94","0,269","0,487","0,244","Nigeria ","Niger",2.6,136,"NGA","Sub-Saharan Africa",28,1.98,24,31,35,20,22,28,32,NA,NA,26,24,24,37,NA,NA,9,"Nigeria","Sub-Saharan Africa",103,4.875,4.75,5,0.75216,0.64498,0.05108,0.27854,0.0305,0.23219,2.88586,"Nigeria"
"161","SUB-SAHARAN AFRICA                 ",131859731,923768,"142,7","0,09","0,26","98,8",900,"68,0","9,3","31,29","2,96","65,75","1,5","40,43","16,94","0,269","0,487","0,244","Nigeria ","Niger",2.6,136,"NGA","Sub-Saharan Africa",28,1.98,24,31,35,20,22,28,32,NA,NA,26,24,24,37,NA,NA,9,"Nigeria","Sub-Saharan Africa",142,3.856,3.781,3.931,0.1327,0.6053,0.26162,0.38041,0.17176,0.2097,2.09469,"Niger"
"162","SUB-SAHARAN AFRICA                 ",131859731,923768,"142,7","0,09","0,26","98,8",900,"68,0","9,3","31,29","2,96","65,75","1,5","40,43","16,94","0,269","0,487","0,244","Nigeria ","Nigeria",13.4,101,"NER","Sub-Saharan Africa",35,3.25,29,40,35,NA,34,36,44,NA,NA,NA,24,NA,NA,NA,NA,5,"Niger","Sub-Saharan Africa",103,4.875,4.75,5,0.75216,0.64498,0.05108,0.27854,0.0305,0.23219,2.88586,"Nigeria"
"163","SUB-SAHARAN AFRICA                 ",131859731,923768,"142,7","0,09","0,26","98,8",900,"68,0","9,3","31,29","2,96","65,75","1,5","40,43","16,94","0,269","0,487","0,244","Nigeria ","Nigeria",13.4,101,"NER","Sub-Saharan Africa",35,3.25,29,40,35,NA,34,36,44,NA,NA,NA,24,NA,NA,NA,NA,5,"Niger","Sub-Saharan Africa",142,3.856,3.781,3.931,0.1327,0.6053,0.26162,0.38041,0.17176,0.2097,2.09469,"Niger"
"164","SUB-SAHARAN AFRICA                 ",131859731,923768,"142,7","0,09","0,26","98,8",900,"68,0","9,3","31,29","2,96","65,75","1,5","40,43","16,94","0,269","0,487","0,244","Nigeria ","Nigeria",13.4,136,"NGA","Sub-Saharan Africa",28,1.98,24,31,35,20,22,28,32,NA,NA,26,24,24,37,NA,NA,9,"Nigeria","Sub-Saharan Africa",103,4.875,4.75,5,0.75216,0.64498,0.05108,0.27854,0.0305,0.23219,2.88586,"Nigeria"
"165","SUB-SAHARAN AFRICA                 ",131859731,923768,"142,7","0,09","0,26","98,8",900,"68,0","9,3","31,29","2,96","65,75","1,5","40,43","16,94","0,269","0,487","0,244","Nigeria ","Nigeria",13.4,136,"NGA","Sub-Saharan Africa",28,1.98,24,31,35,20,22,28,32,NA,NA,26,24,24,37,NA,NA,9,"Nigeria","Sub-Saharan Africa",142,3.856,3.781,3.931,0.1327,0.6053,0.26162,0.38041,0.17176,0.2097,2.09469,"Niger"
"166","OCEANIA                            ",82459,477,"172,9","310,69","9,61","7,11",12500,"97,0","254,7","13,04","4,35","82,61","2","19,43","2,29","","","","N. Mariana Islands ",NA,NA,NA,NA,NA,NA,NA,NA,NA,NA,NA,NA,NA,NA,NA,NA,NA,NA,NA,NA,NA,NA,NA,NA,NA,NA,NA,NA,NA,NA,NA,NA,NA,NA,NA,NA,NA
"167","WESTERN EUROPE                     ",4610820,323802,"14,2","7,77","1,74","3,7",37800,"100,0","461,7","2,87","0","97,13","3","11,46","9,4","0,021","0,415","0,564","Norway ","Norway",4,6,"NOR","Europe and Central Asia",85,1.85,82,88,NA,80,83,NA,NA,83,80,84,93,NA,90,NA,NA,7,"Norway","Western Europe",4,7.498,7.421,7.575,1.57744,1.1269,0.79579,0.59609,0.35776,0.37895,2.66465,"Norway"
"168","NEAR EAST                          ",3102229,212460,"14,6","0,98","0,28","19,51",13100,"75,8","85,5","0","0,14","99,74","1","36,24","3,81","0,027","0,39","0,583","Oman ","Oman",15,64,"OMN","Middle East and North Africa",45,7.07,33,56,NA,67,47,24,NA,NA,NA,NA,50,NA,37,NA,NA,5,"Oman",NA,NA,NA,NA,NA,NA,NA,NA,NA,NA,NA,NA,NA
"169","ASIA (EX. NEAR EAST)         ",165803560,803940,"206,2","0,13","-2,77","72,44",2100,"45,7","31,8","27,87","0,87","71,26","1","29,74","8,23","0,216","0,251","0,533","Pakistan ","Pakistan",6,116,"PAK","Asia Pacific",32,2.12,28,35,35,29,34,20,NA,NA,NA,32,32,NA,37,NA,NA,7,"Pakistan","Southern Asia",92,5.132,5.038,5.226,0.68816,0.26135,0.40306,0.14622,0.1388,0.31185,3.18286,"Pakistan"
"170","OCEANIA                            ",20579,458,"44,9","331,66","2,85","14,84",9000,"92,0","325,6","8,7","4,35","86,95","2","18,03","6,8","0,062","0,12","0,818","Palau ","Palau",1.7,NA,NA,NA,NA,NA,NA,NA,NA,NA,NA,NA,NA,NA,NA,NA,NA,NA,NA,NA,NA,NA,NA,NA,NA,NA,NA,NA,NA,NA,NA,NA,NA,NA,NA,NA
"171","LATIN AMER. & CARIB    ",3191319,78200,"40,8","3,18","-0,91","20,47",6300,"92,6","137,9","7,36","1,98","90,66","2","21,74","5,36","0,068","0,156","0,776","Panama ","Panama",5.5,87,"PAN","Americas",38,2.29,34,42,NA,43,47,36,NA,NA,NA,33,32,NA,37,NA,NA,6,"Panama","Latin America and Caribbean",25,6.701,6.601,6.801,1.18306,0.98912,0.70835,0.48927,0.08423,0.2418,3.00559,"Panama"
"172","OCEANIA                            ",5670544,462840,"12,3","1,11","0","51,45",2200,"64,6","10,9","0,46","1,44","98,1","2","29,36","7,25","0,353","0,381","0,266","Papua New Guinea ","Papua New Guinea",2.5,136,"PNG","Asia Pacific",28,3.01,23,32,35,NA,22,28,NA,NA,NA,NA,32,NA,19,NA,NA,5,"Papua New Guinea","Sub-Saharan Africa",151,3.607,3.533,3.681,0.22415,0.3109,0.18829,0.30953,0.1192,0.29914,2.15604,"Guinea"
"173","OCEANIA                            ",5670544,462840,"12,3","1,11","0","51,45",2200,"64,6","10,9","0,46","1,44","98,1","2","29,36","7,25","0,353","0,381","0,266","Papua New Guinea ","Papua New Guinea",2.5,142,"GIN","Sub-Saharan Africa",27,2.54,22,31,24,NA,22,36,26,NA,NA,NA,24,NA,NA,NA,NA,5,"Guinea","Sub-Saharan Africa",151,3.607,3.533,3.681,0.22415,0.3109,0.18829,0.30953,0.1192,0.29914,2.15604,"Guinea"
"174","OCEANIA                            ",5670544,462840,"12,3","1,11","0","51,45",2200,"64,6","10,9","0,46","1,44","98,1","2","29,36","7,25","0,353","0,381","0,266","Papua New Guinea ","Guinea",2.8,136,"PNG","Asia Pacific",28,3.01,23,32,35,NA,22,28,NA,NA,NA,NA,32,NA,19,NA,NA,5,"Papua New Guinea","Sub-Saharan Africa",151,3.607,3.533,3.681,0.22415,0.3109,0.18829,0.30953,0.1192,0.29914,2.15604,"Guinea"
"175","OCEANIA                            ",5670544,462840,"12,3","1,11","0","51,45",2200,"64,6","10,9","0,46","1,44","98,1","2","29,36","7,25","0,353","0,381","0,266","Papua New Guinea ","Guinea",2.8,142,"GIN","Sub-Saharan Africa",27,2.54,22,31,24,NA,22,36,26,NA,NA,NA,24,NA,NA,NA,NA,5,"Guinea","Sub-Saharan Africa",151,3.607,3.533,3.681,0.22415,0.3109,0.18829,0.30953,0.1192,0.29914,2.15604,"Guinea"
"176","LATIN AMER. & CARIB    ",6506464,406750,"16,0","0,00","-0,08","25,63",4700,"94,0","49,2","7,6","0,23","92,17","2","29,1","4,49","0,224","0,207","0,569","Paraguay ","Paraguay",6.5,123,"PRY","Americas",30,2.68,25,34,NA,23,22,36,NA,NA,NA,NA,32,27,37,NA,NA,6,"Paraguay","Latin America and Caribbean",70,5.538,5.453,5.623,0.89373,1.11111,0.58295,0.46235,0.07396,0.25296,2.16091,"Paraguay"
"177","LATIN AMER. & CARIB    ",28302603,1285220,"22,0","0,19","-1,05","31,94",5100,"90,9","79,5","2,89","0,4","96,71","1,5","20,48","6,23","0,08","0,27","0,65","Peru ","Peru",6.7,101,"PER","Americas",35,2.04,32,39,NA,39,34,45,NA,29,NA,30,34,NA,37,NA,NA,7,"Peru","Latin America and Caribbean",64,5.743,5.647,5.839,0.99602,0.81255,0.62994,0.37502,0.05292,0.14527,2.73117,"Peru"
"178","ASIA (EX. NEAR EAST)         ",89468677,300000,"298,2","12,10","-1,5","23,51",4600,"92,6","38,4","18,95","16,77","64,28","2","24,89","5,41","0,144","0,326","0,53","Philippines ","Philippines",6,101,"PHL","Asia Pacific",35,1.58,33,38,NA,29,34,36,NA,31,NA,31,41,36,37,NA,43,9,"Philippines","Southeastern Asia",82,5.279,5.16,5.398,0.81217,0.87877,0.47036,0.54854,0.11757,0.21674,2.23484,"Philippines"
"179","EASTERN EUROPE                     ",38536869,312685,"123,3","0,16","-0,49","8,51",11100,"99,8","306,3","45,91","1,12","52,97","3","9,85","9,89","0,05","0,311","0,64","Poland ","Poland",4.8,29,"POL","Europe and Central Asia",62,1.77,59,65,NA,56,59,69,NA,60,71,66,58,66,54,59,NA,10,"Poland","Central and Eastern Europe",57,5.835,5.749,5.921,1.24585,1.04685,0.69058,0.4519,0.055,0.14443,2.20035,"Poland"
"180","WESTERN EUROPE                     ",10605870,92391,"114,8","1,94","3,57","5,05",18000,"93,3","399,2","21,75","7,81","70,44","3","10,72","10,5","0,053","0,274","0,673","Portugal ","Portugal",9.7,29,"PRT","Europe and Central Asia",62,2.58,58,66,NA,59,59,NA,NA,51,71,68,67,67,54,NA,NA,8,"Portugal","Western Europe",94,5.123,5.03,5.216,1.27607,0.94367,0.79363,0.44727,0.01521,0.11691,1.53015,"Portugal"
"181","LATIN AMER. & CARIB    ",3927188,13790,"284,8","3,63","-1,46","8,24",16800,"94,1","283,1","3,95","5,52","90,53","2","12,77","7,65","0,01","0,45","0,54","Puerto Rico ","Puerto Rico",11.5,NA,NA,NA,NA,NA,NA,NA,NA,NA,NA,NA,NA,NA,NA,NA,NA,NA,NA,NA,NA,NA,NA,"Latin America and Caribbean",15,7.039,6.794,7.284,1.35943,1.08113,0.77758,0.46823,0.12275,0.22202,3.0076,"Puerto Rico"
"182","NEAR EAST                          ",885359,11437,"77,4","4,92","16,29","18,61",21500,"82,5","232,0","1,64","0,27","98,09","1","15,56","4,72","0,002","0,801","0,197","Qatar ","Qatar",0.6,31,"QAT","Middle East and North Africa",61,7.02,49,72,NA,82,47,40,NA,80,NA,NA,67,39,72,NA,NA,7,"Qatar","Middle East and Northern Africa",36,6.375,6.178,6.572,1.82427,0.87964,0.71723,0.56679,0.48049,0.32388,1.58224,"Qatar"
"183","SUB-SAHARAN AFRICA                 ",787584,2517,"312,9","8,22","0","7,78",5800,"88,9","380,9","13,6","1,2","85,2","2","18,9","5,49","0,08","0,19","0,73","Reunion ",NA,NA,NA,NA,NA,NA,NA,NA,NA,NA,NA,NA,NA,NA,NA,NA,NA,NA,NA,NA,NA,NA,NA,NA,NA,NA,NA,NA,NA,NA,NA,NA,NA,NA,NA,NA,NA
"184","EASTERN EUROPE                     ",22303552,237500,"93,9","0,09","-0,13","26,43",7000,"98,4","196,9","40,82","2,25","56,93","3","10,7","11,77","0,101","0,35","0,549","Romania ","Romania",5.3,57,"ROM","Europe and Central Asia",48,3,43,53,NA,37,59,61,NA,37,52,49,41,52,37,57,NA,10,"Romania","Central and Eastern Europe",71,5.528,5.427,5.629,1.1697,0.72803,0.67602,0.36712,0.00679,0.12889,2.45184,"Romania"
"185","C.W. OF IND. STATES ",142893540,17075200,"8,4","0,22","1,02","15,39",8900,"99,6","280,6","7,33","0,11","92,56","","9,95","14,65","0,054","0,371","0,575","Russia ","Russia",5.5,131,"RUS","Europe and Central Asia",29,2.73,24,33,NA,38,34,28,NA,41,NA,32,24,18,19,25,NA,9,"Russia","Central and Eastern Europe",56,5.856,5.789,5.923,1.23228,1.05261,0.58991,0.32682,0.03586,0.02736,2.59115,"Russia"
"186","SUB-SAHARAN AFRICA                 ",8648248,26338,"328,4","0,00","0","91,23",1300,"70,4","2,7","40,54","12,16","47,3","3","40,37","16,09","0,401","0,229","0,37","Rwanda ","Rwanda",2.7,50,"RWA","Sub-Saharan Africa",54,5.07,46,62,47,76,59,40,53,NA,NA,NA,NA,49,NA,NA,NA,6,"Rwanda","Sub-Saharan Africa",152,3.515,3.444,3.586,0.32846,0.61586,0.31865,0.5432,0.50521,0.23552,0.96819,"Rwanda"
"187","SUB-SAHARAN AFRICA                 ",7502,413,"18,2","14,53","0","19",2500,"97,0","293,3","12,9","0","87,1","","12,13","6,53","","","","Saint Helena ",NA,NA,NA,NA,NA,NA,NA,NA,NA,NA,NA,NA,NA,NA,NA,NA,NA,NA,NA,NA,NA,NA,NA,NA,NA,NA,NA,NA,NA,NA,NA,NA,NA,NA,NA,NA,NA
"188","LATIN AMER. & CARIB    ",39129,261,"149,9","51,72","-7,11","14,49",8800,"97,0","638,9","19,44","2,78","77,78","2","18,02","8,33","0,035","0,258","0,707","Saint Kitts & Nevis ",NA,NA,NA,NA,NA,NA,NA,NA,NA,NA,NA,NA,NA,NA,NA,NA,NA,NA,NA,NA,NA,NA,NA,NA,NA,NA,NA,NA,NA,NA,NA,NA,NA,NA,NA,NA,NA
"189","LATIN AMER. & CARIB    ",168458,616,"273,5","25,65","-2,67","13,53",5400,"67,0","303,3","6,56","22,95","70,49","2","19,68","5,08","0,07","0,2","0,73","Saint Lucia ","Saint Lucia",20,35,"LCA","Americas",60,6.8,49,71,69,NA,47,NA,NA,NA,NA,65,NA,NA,NA,NA,NA,3,"Saint Lucia",NA,NA,NA,NA,NA,NA,NA,NA,NA,NA,NA,NA,NA
"190","NORTHERN AMERICA                   ",7026,242,"29,0","49,59","-4,86","7,54",6900,"99,0","683,2","13,04","0","86,96","","13,52","6,83","","","","St Pierre & Miquelon ",NA,NA,NA,NA,NA,NA,NA,NA,NA,NA,NA,NA,NA,NA,NA,NA,NA,NA,NA,NA,NA,NA,NA,NA,NA,NA,NA,NA,NA,NA,NA,NA,NA,NA,NA,NA,NA
"191","LATIN AMER. & CARIB    ",117848,389,"303,0","21,59","-7,64","14,78",2900,"96,0","190,9","17,95","17,95","64,1","2","16,18","5,98","0,1","0,26","0,64","Saint Vincent and the Grenadines ","Saint Vincent and the Grenadines",18.8,NA,NA,NA,NA,NA,NA,NA,NA,NA,NA,NA,NA,NA,NA,NA,NA,NA,NA,NA,NA,NA,NA,NA,NA,NA,NA,NA,NA,NA,NA,NA,NA,NA,NA,NA
"192","OCEANIA                            ",176908,2944,"60,1","13,69","-11,7","27,71",5600,"99,7","75,2","21,2","24,38","54,42","2","16,43","6,62","0,114","0,584","0,302","Samoa ",NA,NA,NA,NA,NA,NA,NA,NA,NA,NA,NA,NA,NA,NA,NA,NA,NA,NA,NA,NA,NA,NA,NA,NA,NA,NA,NA,NA,NA,NA,NA,NA,NA,NA,NA,NA,NA
"193","WESTERN EUROPE                     ",29251,61,"479,5","0,00","10,98","5,73",34600,"96,0","704,3","16,67","0","83,33","","10,02","8,17","","","","San Marino ","San Marino",8,NA,NA,NA,NA,NA,NA,NA,NA,NA,NA,NA,NA,NA,NA,NA,NA,NA,NA,NA,NA,NA,NA,NA,NA,NA,NA,NA,NA,NA,NA,NA,NA,NA,NA,NA
"194","SUB-SAHARAN AFRICA                 ",193413,1001,"193,2","20,88","-2,72","43,11",1200,"79,3","36,2","6,25","48,96","44,79","2","40,25","6,47","0,167","0,148","0,684","Sao Tome & Principe ",NA,NA,NA,NA,NA,NA,NA,NA,NA,NA,NA,NA,NA,NA,NA,NA,NA,NA,NA,NA,NA,NA,NA,NA,NA,NA,NA,NA,NA,NA,NA,NA,NA,NA,NA,NA,NA
"195","NEAR EAST                          ",27019731,1960582,"13,8","0,13","-2,71","13,24",11800,"78,8","140,6","1,67","0,09","98,24","1","29,34","2,58","0,033","0,613","0,354","Saudi Arabia ","Saudi Arabia",5.6,62,"SAU","Middle East and North Africa",46,7.54,33,58,NA,66,22,36,NA,NA,NA,NA,50,NA,54,NA,NA,5,"Saudi Arabia","Middle East and Northern Africa",34,6.379,6.287,6.471,1.48953,0.84829,0.59267,0.37904,0.30008,0.15457,2.61482,"Saudi Arabia"
"196","SUB-SAHARAN AFRICA                 ",11987121,196190,"61,1","0,27","0,2","55,51",1600,"40,2","22,2","12,78","0,21","87,01","2","32,78","9,42","0,172","0,209","0,619","Senegal ","Senegal",48,64,"SEN","Sub-Saharan Africa",45,2.63,40,49,47,36,47,53,44,NA,NA,43,32,NA,54,NA,NA,8,"Senegal","Sub-Saharan Africa",128,4.219,4.151,4.287,0.44314,0.77416,0.40457,0.31056,0.11681,0.19103,1.97861,"Senegal"
"197","EASTERN EUROPE                     ",9396411,88361,"106,3","0,00","-1,33","12,89",2200,"93,0","285,8","33,35","3,2","63,45","","","","0,166","0,255","0,579","Serbia ","Serbia",16,72,"SCG","Europe and Central Asia",42,3.69,36,48,NA,39,47,57,NA,NA,NA,32,32,NA,37,52,NA,7,"Serbia","Central and Eastern Europe",86,5.177,5.083,5.271,1.03437,0.81329,0.6458,0.15718,0.04339,0.20737,2.27539,"Serbia"
"198","SUB-SAHARAN AFRICA                 ",81541,455,"179,2","107,91","-5,69","15,53",7800,"58,0","262,4","2,22","13,33","84,45","2","16,03","6,29","0,032","0,304","0,665","Seychelles ","Seychelles",3,NA,NA,NA,NA,NA,NA,NA,NA,NA,NA,NA,NA,NA,NA,NA,NA,NA,NA,NA,NA,NA,NA,NA,NA,NA,NA,NA,NA,NA,NA,NA,NA,NA,NA,NA
"199","SUB-SAHARAN AFRICA                 ",6005250,71740,"83,7","0,56","0","143,64",500,"31,4","4,0","6,98","0,89","92,13","2","45,76","23,03","0,49","0,31","0,21","Sierra Leone ","Sierra Leone",9.1,123,"SLE","Sub-Saharan Africa",30,2.94,25,35,35,19,34,40,35,NA,NA,23,32,NA,19,NA,NA,8,"Sierra Leone","Sub-Saharan Africa",111,4.635,4.505,4.765,0.36485,0.628,0,0.30685,0.08196,0.23897,3.01402,"Sierra Leone"
"200","ASIA (EX. NEAR EAST)         ",4492150,693,"6482,2","27,85","11,53","2,29",23700,"92,5","411,4","1,64","0","98,36","2","9,34","4,28","0","0,339","0,661","Singapore ","Singapore",2.2,7,"SGP","Asia Pacific",84,2.35,81,88,NA,88,83,73,NA,91,NA,85,76,NA,90,NA,89,8,"Singapore","Southeastern Asia",22,6.739,6.674,6.804,1.64555,0.86758,0.94719,0.4877,0.46987,0.32706,1.99375,"Singapore"
"201","EASTERN EUROPE                     ",5439448,48845,"111,4","0,00","0,3","7,41",13300,"","220,1","30,16","2,62","67,22","3","10,65","9,45","0,035","0,294","0,672","Slovakia ","Slovakia",8.1,54,"SVK","Europe and Central Asia",51,3.09,46,57,NA,34,59,61,NA,45,52,NA,50,NA,54,57,NA,8,"Slovakia","Central and Eastern Europe",45,6.078,5.996,6.16,1.27973,1.08268,0.70367,0.23391,0.02947,0.13837,2.61065,"Slovakia"
"202","EASTERN EUROPE                     ",2010347,20273,"99,2","0,23","1,12","4,45",19000,"99,7","406,1","8,6","1,49","89,91","","8,98","10,31","0,028","0,369","0,603","Slovenia ","Slovenia",6.8,31,"SVN","Europe and Central Asia",61,2.44,57,65,NA,58,71,65,NA,46,61,59,58,67,54,70,NA,10,"Slovenia","Central and Eastern Europe",63,5.768,5.683,5.853,1.29947,1.05613,0.79151,0.53164,0.03635,0.25738,1.79522,"Slovenia"
"203","OCEANIA                            ",552438,28450,"19,4","18,67","0","21,29",1700,"","13,4","0,64","2","97,36","2","30,01","3,92","0,42","0,11","0,47","Solomon Islands ",NA,NA,72,"SLB","Asia Pacific",42,3.34,36,47,35,NA,47,NA,NA,NA,NA,NA,NA,44,NA,NA,NA,3,"Solomon Islands",NA,NA,NA,NA,NA,NA,NA,NA,NA,NA,NA,NA,NA
"204","SUB-SAHARAN AFRICA                 ",8863338,637657,"13,9","0,47","5,37","116,7",500,"37,8","11,3","1,67","0,04","98,29","1","45,13","16,63","0,65","0,1","0,25","Somalia ",NA,NA,176,"SOM","Sub-Saharan Africa",10,2.98,5,15,NA,NA,10,8,0,NA,NA,NA,15,17,NA,NA,NA,5,"Somalia","Sub-Saharan Africa",76,5.44,5.321,5.559,0,0.33613,0.11466,0.56778,0.3118,0.27225,3.83772,"Somalia"
"205","SUB-SAHARAN AFRICA                 ",44187637,1219912,"36,2","0,23","-0,29","61,81",10700,"86,4","107,0","12,08","0,79","87,13","1","18,2","22","0,025","0,303","0,671","South Africa ","South Africa",27.6,64,"ZAF","Sub-Saharan Africa",45,2.55,41,49,NA,49,47,45,NA,33,NA,47,41,NA,54,NA,NA,7,"South Africa","Sub-Saharan Africa",116,4.459,4.371,4.547,1.02416,0.96053,0.18611,0.42483,0.08415,0.13656,1.64227,"South Africa"
"206","WESTERN EUROPE                     ",40397842,504782,"80,0","0,98","0,99","4,42",22000,"97,9","453,5","26,07","9,87","64,06","3","10,06","9,72","0,04","0,295","0,665","Spain ","Spain",17.1,41,"ESP","Europe and Central Asia",58,4.09,51,65,NA,51,59,NA,NA,38,61,65,58,NA,72,NA,NA,7,"Spain","Western Europe",37,6.361,6.288,6.434,1.34253,1.12945,0.87896,0.37545,0.06137,0.17665,2.39663,"Spain"
"207","ASIA (EX. NEAR EAST)         ",20222240,65610,"308,2","2,04","-1,31","14,35",3700,"92,3","61,5","13,86","15,7","70,44","2","15,51","6,52","0,178","0,276","0,545","Sri Lanka ","Sri Lanka",4,95,"LKA","Asia Pacific",36,1.64,34,39,35,41,34,28,NA,NA,NA,38,41,NA,37,NA,NA,7,"Sri Lanka","Southern Asia",117,4.415,4.322,4.508,0.97318,0.84783,0.62007,0.50817,0.07964,0.46978,0.91681,"Sri Lanka"
"208","SUB-SAHARAN AFRICA                 ",41236378,2505810,"16,5","0,03","-0,02","62,5",1900,"61,1","16,3","6,83","0,18","92,99","2","34,53","8,97","0,387","0,203","0,41","Sudan ","Sudan",19.6,170,"SDN","Sub-Saharan Africa",14,2.99,9,19,2,NA,22,16,11,NA,NA,NA,6,22,19,NA,NA,7,"Sudan","Sub-Saharan Africa",133,4.139,3.928,4.35,0.63069,0.81928,0.29759,0,0.10039,0.18077,2.10995,"Sudan"
"209","LATIN AMER. & CARIB    ",439117,163270,"2,7","0,24","-8,81","23,57",4000,"93,0","184,7","0,37","0,06","99,57","2","18,02","7,27","0,13","0,22","0,65","Suriname ","Suriname",9.1,64,"SUR","Americas",45,7.53,32,57,NA,NA,34,NA,NA,NA,NA,47,32,65,NA,NA,NA,4,"Suriname","Latin America and Caribbean",40,6.269,6.073,6.465,1.09686,0.77866,0.50933,0.52234,0.12692,0.16665,3.06852,"Suriname"
"210","SUB-SAHARAN AFRICA                 ",1136334,17363,"65,5","0,00","0","69,27",4900,"81,6","30,8","10,35","0,7","88,95","2,5","27,41","29,74","0,119","0,515","0,366","Swaziland ","Swaziland",28,NA,NA,NA,NA,NA,NA,NA,NA,NA,NA,NA,NA,NA,NA,NA,NA,NA,NA,NA,NA,NA,NA,NA,NA,NA,NA,NA,NA,NA,NA,NA,NA,NA,NA,NA
"211","WESTERN EUROPE                     ",9016596,449964,"20,0","0,72","1,67","2,77",26800,"99,0","715,0","6,54","0,01","93,45","3","10,27","10,31","0,011","0,282","0,707","Sweden ","Sweden",6.6,4,"SWE","Europe and Central Asia",88,1.33,85,90,NA,86,83,NA,NA,86,90,85,93,NA,90,NA,NA,7,"Sweden","Western Europe",10,7.291,7.227,7.355,1.45181,1.08764,0.83121,0.58218,0.40867,0.38254,2.54734,"Sweden"
"212","WESTERN EUROPE                     ",7523934,41290,"182,2","0,00","4,05","4,39",32700,"99,0","680,9","10,42","0,61","88,97","3","9,71","8,49","0,015","0,34","0,645","Switzerland ","Switzerland",3,5,"CHE","Europe and Central Asia",86,1.57,83,89,NA,80,83,NA,NA,88,90,NA,85,NA,90,NA,NA,6,"Switzerland","Western Europe",2,7.509,7.428,7.59,1.52733,1.14524,0.86303,0.58557,0.41203,0.28083,2.69463,"Switzerland"
"213","NEAR EAST                          ",18881361,185180,"102,0","0,10","0","29,53",3300,"76,9","153,8","25,22","4,43","70,35","1","27,76","4,81","0,249","0,23","0,519","Syria ","Syria",50,173,"SYR","Middle East and North Africa",13,1.97,10,16,NA,NA,10,8,NA,NA,NA,NA,15,12,19,NA,NA,5,"Syria","Middle East and Northern Africa",156,3.069,2.936,3.202,0.74719,0.14866,0.62994,0.06912,0.17233,0.48397,0.81789,"Syria"
"214","ASIA (EX. NEAR EAST)         ",23036087,35980,"640,3","4,35","0","6,4",23400,"96,1","591,0","24","1","75","2","12,56","6,48","0,018","0,259","0,723","Taiwan ","Taiwan",3.8,31,"TWN","Asia Pacific",61,3.79,55,67,NA,68,71,77,NA,65,NA,NA,50,50,54,NA,51,8,"Taiwan","Eastern Asia",34,6.379,6.305,6.453,1.39729,0.92624,0.79565,0.32377,0.0663,0.25495,2.61523,"Taiwan"
"215","C.W. OF IND. STATES ",7320815,143100,"51,2","0,00","-2,86","110,76",1000,"99,4","33,5","6,61","0,92","92,47","2","32,65","8,25","0,234","0,286","0,48","Tajikistan ","Tajikistan",2.4,151,"TJK","Europe and Central Asia",25,5.26,16,34,24,48,22,16,NA,NA,NA,NA,NA,11,NA,28,NA,6,"Tajikistan","Central and Eastern Europe",100,4.996,4.923,5.069,0.48835,0.75602,0.53119,0.43408,0.13509,0.25998,2.39106,"Tajikistan"
"216","SUB-SAHARAN AFRICA                 ",37445392,945087,"39,6","0,15","-2,06","98,54",600,"78,2","4,0","4,52","1,08","94,4","","37,71","16,39","0,432","0,172","0,396","Tanzania ","Tanzania",10.3,116,"TZA","Sub-Saharan Africa",32,1.84,29,35,35,27,22,32,38,NA,NA,27,32,38,37,NA,NA,9,"Tanzania","Sub-Saharan Africa",149,3.666,3.561,3.771,0.47155,0.77623,0.357,0.3176,0.05099,0.31472,1.37769,"Tanzania"
"217","ASIA (EX. NEAR EAST)         ",64631595,514000,"125,7","0,63","0","20,48",7400,"92,6","108,9","29,36","6,46","64,18","2","13,87","7,04","0,099","0,441","0,46","Thailand ","Thailand",0.7,101,"THA","Asia Pacific",35,2.44,31,39,NA,37,22,40,NA,44,NA,37,32,24,37,NA,38,9,"Thailand","Southeastern Asia",33,6.474,6.396,6.552,1.0893,1.04477,0.64915,0.49553,0.02833,0.58696,2.5796,"Thailand"
"218","SUB-SAHARAN AFRICA                 ",5548702,56785,"97,7","0,10","0","66,61",1500,"60,9","10,6","46,15","2,21","51,64","2","37,01","9,83","0,395","0,204","0,401","Togo ","Togo",6.9,116,"TGO","Sub-Saharan Africa",32,4.21,25,39,24,NA,47,32,23,NA,NA,NA,32,NA,NA,NA,NA,5,"Togo","Sub-Saharan Africa",155,3.303,3.192,3.414,0.28123,0,0.24811,0.34678,0.11587,0.17517,2.1354,"Togo"
"219","OCEANIA                            ",114689,748,"153,3","56,02","0","12,62",2200,"98,5","97,7","23,61","43,06","33,33","2","25,37","5,28","0,23","0,27","0,5","Tonga ","Tonga",1.1,NA,NA,NA,NA,NA,NA,NA,NA,NA,NA,NA,NA,NA,NA,NA,NA,NA,NA,NA,NA,NA,NA,NA,NA,NA,NA,NA,NA,NA,NA,NA,NA,NA,NA,NA
"220","LATIN AMER. & CARIB    ",1065842,5128,"207,9","7,06","-10,83","24,31",9500,"98,6","303,5","14,62","9,16","76,22","2","12,9","10,57","0,007","0,57","0,423","Trinidad & Tobago ",NA,NA,NA,NA,NA,NA,NA,NA,NA,NA,NA,NA,NA,NA,NA,NA,NA,NA,NA,NA,NA,NA,NA,NA,NA,NA,NA,NA,NA,NA,NA,NA,NA,NA,NA,NA,NA
"221","NORTHERN AFRICA                    ",10175014,163610,"62,2","0,70","-0,57","24,77",6900,"74,2","123,6","17,86","13,74","68,4","3","15,52","5,13","0,132","0,318","0,55","Tunisia ","Tunisia",13,75,"TUN","Middle East and North Africa",41,3.9,35,47,NA,37,47,28,NA,NA,NA,37,41,61,37,NA,NA,7,"Tunisia","Middle East and Northern Africa",98,5.045,4.965,5.125,0.97724,0.43165,0.59577,0.23553,0.0817,0.03936,2.68413,"Tunisia"
"222","NEAR EAST                          ",70413958,780580,"90,2","0,92","0","41,04",6700,"86,5","269,5","30,93","3,31","65,76","3","16,62","5,97","0,117","0,298","0,585","Turkey ","Turkey",11.2,75,"TUR","Europe and Central Asia",41,1.8,38,44,NA,49,47,45,NA,46,33,39,41,36,37,NA,NA,9,"Turkey","Middle East and Northern Africa",78,5.389,5.295,5.483,1.16492,0.87717,0.64718,0.23889,0.12348,0.04707,2.29074,"Turkey"
"223","C.W. OF IND. STATES ",5042920,488100,"10,3","0,00","-0,86","73,08",5800,"98,0","74,6","3,72","0,14","96,14","1","27,61","8,6","0,209","0,38","0,411","Turkmenistan ","Turkmenistan",11,154,"TKM","Europe and Central Asia",22,1.32,20,24,NA,NA,22,20,NA,NA,NA,NA,NA,NA,19,25,NA,4,"Turkmenistan","Central and Eastern Europe",65,5.658,5.58,5.736,1.08017,1.03817,0.44006,0.37408,0.28467,0.22567,2.21489,"Turkmenistan"
"224","LATIN AMER. & CARIB    ",21152,430,"49,2","90,47","11,68","15,67",9600,"98,0","269,5","2,33","0","97,67","2","21,84","4,21","","","","Turks & Caicos Is ",NA,NA,NA,NA,NA,NA,NA,NA,NA,NA,NA,NA,NA,NA,NA,NA,NA,NA,NA,NA,NA,NA,NA,NA,NA,NA,NA,NA,NA,NA,NA,NA,NA,NA,NA,NA,NA
"225","OCEANIA                            ",11810,26,"454,2","92,31","0","20,03",1100,"","59,3","0","0","100","2","22,18","7,11","0,166","0,272","0,562","Tuvalu ",NA,NA,NA,NA,NA,NA,NA,NA,NA,NA,NA,NA,NA,NA,NA,NA,NA,NA,NA,NA,NA,NA,NA,NA,NA,NA,NA,NA,NA,NA,NA,NA,NA,NA,NA,NA,NA
"226","SUB-SAHARAN AFRICA                 ",28195754,236040,"119,5","0,00","0","67,83",1400,"69,9","3,6","25,88","10,65","63,47","2","47,35","12,24","0,311","0,222","0,469","Uganda ","Uganda",9.4,151,"UGA","Sub-Saharan Africa",25,2.24,22,29,13,27,22,32,26,NA,NA,21,24,26,37,NA,NA,9,"Uganda","Sub-Saharan Africa",145,3.739,3.629,3.849,0.34719,0.90981,0.19625,0.43653,0.06442,0.27102,1.51416,"Uganda"
"227","C.W. OF IND. STATES ",46710816,603700,"77,4","0,46","-0,39","20,34",5400,"99,7","259,9","56,21","1,61","42,18","3","8,82","14,39","0,187","0,452","0,361","Ukraine ","Ukraine",9.5,131,"UKR","Europe and Central Asia",29,1.97,25,32,NA,27,34,36,NA,29,NA,32,24,23,19,33,NA,9,"Ukraine","Central and Eastern Europe",123,4.324,4.236,4.412,0.87287,1.01413,0.58628,0.12859,0.01829,0.20363,1.50066,"Ukraine"
"228","NEAR EAST                          ",2602713,82880,"31,4","1,59","1,03","14,51",23200,"77,9","475,3","0,6","2,25","97,15","1","18,96","4,4","0,04","0,585","0,375","United Arab Emirates ","United Arab Emirates",3.6,24,"ARE","Middle East and North Africa",66,5.7,56,75,NA,86,47,53,NA,81,NA,73,67,NA,54,NA,NA,7,"United Arab Emirates","Middle East and Northern Africa",28,6.573,6.494,6.652,1.57352,0.87114,0.72993,0.56215,0.35561,0.26591,2.21507,"United Arab Emirates"
"229","WESTERN EUROPE                     ",60609153,244820,"247,6","5,08","2,19","5,16",27700,"99,0","543,5","23,46","0,21","76,33","3","10,71","10,13","0,005","0,237","0,758","United Kingdom ","United Kingdom",4.4,10,"GBR","Europe and Central Asia",81,2.12,77,84,NA,80,71,NA,NA,80,80,80,85,NA,90,NA,NA,7,"United Kingdom","Western Europe",23,6.725,6.647,6.803,1.40283,1.08672,0.80991,0.50036,0.27399,0.50156,2.14999,"United Kingdom"
"230","NORTHERN AMERICA                   ",298444215,9631420,"31,0","0,21","3,41","6,5",37800,"97,0","898,0","19,13","0,22","80,65","3","14,14","8,26","0,01","0,204","0,787","United States ","United States ",4.4,NA,NA,NA,NA,NA,NA,NA,NA,NA,NA,NA,NA,NA,NA,NA,NA,NA,NA,NA,NA,NA,NA,"North America",13,7.104,7.02,7.188,1.50796,1.04782,0.779,0.48163,0.14868,0.41077,2.72782,"United States"
"231","LATIN AMER. & CARIB    ",3431932,176220,"19,5","0,37","-0,32","11,95",12800,"98,0","291,4","7,43","0,23","92,34","3","13,91","9,05","0,093","0,311","0,596","Uruguay ","Uruguay",7.3,21,"URY","Americas",71,2.68,66,75,NA,68,59,77,NA,NA,NA,72,76,NA,72,NA,NA,6,"Uruguay","Latin America and Caribbean",29,6.545,6.456,6.634,1.18157,1.03143,0.72183,0.54388,0.21394,0.18056,2.67139,"Uruguay"
"232","C.W. OF IND. STATES ",27307134,447400,"61,0","0,00","-1,72","71,1",1700,"99,3","62,9","10,83","0,83","88,34","1","26,36","7,84","0,342","0,229","0,43","Uzbekistan ","Uzbekistan",4.9,156,"UZB","Europe and Central Asia",21,2.35,17,25,13,NA,22,20,NA,NA,NA,32,NA,16,19,25,NA,7,"Uzbekistan","Central and Eastern Europe",49,5.987,5.896,6.078,0.73591,1.1681,0.50163,0.60848,0.28333,0.34326,2.34638,"Uzbekistan"
"233","OCEANIA                            ",208869,12200,"17,1","20,72","0","55,16",2900,"53,0","32,6","2,46","7,38","90,16","2","22,72","7,82","0,26","0,12","0,62","Vanuatu ","Vanuatu",1.7,NA,NA,NA,NA,NA,NA,NA,NA,NA,NA,NA,NA,NA,NA,NA,NA,NA,NA,NA,NA,NA,NA,NA,NA,NA,NA,NA,NA,NA,NA,NA,NA,NA,NA,NA
"234","LATIN AMER. & CARIB    ",25730435,912050,"28,2","0,31","-0,04","22,2",4800,"93,4","140,1","2,95","0,92","96,13","2","18,71","4,92","0,04","0,419","0,541","Venezuela ","Venezuela",26.4,166,"VEN","Americas",17,1.41,15,20,NA,13,22,16,NA,21,NA,14,15,NA,19,NA,NA,7,"Venezuela","Latin America and Caribbean",44,6.084,5.973,6.195,1.13367,1.03302,0.61904,0.19847,0.08304,0.0425,2.97468,"Venezuela"
"235","ASIA (EX. NEAR EAST)         ",84402966,329560,"256,1","1,05","-0,45","25,95",2500,"90,3","187,7","19,97","5,95","74,08","2","16,86","6,22","0,209","0,41","0,381","Vietnam ","Vietnam",2.3,113,"VNM","Asia Pacific",33,2.46,29,38,35,34,34,28,NA,NA,NA,40,41,NA,19,NA,35,8,"Vietnam","Southeastern Asia",96,5.061,4.991,5.131,0.74037,0.79117,0.66157,0.55954,0.11556,0.25075,1.9418,"Vietnam"
"236","LATIN AMER. & CARIB    ",108605,1910,"56,9","9,84","-8,94","8,03",17200,"","652,8","11,76","2,94","85,3","2","13,96","6,43","0,01","0,19","0,8","Virgin Islands ","Virgin Islands",13,NA,NA,NA,NA,NA,NA,NA,NA,NA,NA,NA,NA,NA,NA,NA,NA,NA,NA,NA,NA,NA,NA,NA,NA,NA,NA,NA,NA,NA,NA,NA,NA,NA,NA,NA
"237","OCEANIA                            ",16025,274,"58,5","47,08","","",3700,"50,0","118,6","5","25","70","2","","","","","","Wallis and Futuna ","Wallis and Futuna",12.2,NA,NA,NA,NA,NA,NA,NA,NA,NA,NA,NA,NA,NA,NA,NA,NA,NA,NA,NA,NA,NA,NA,NA,NA,NA,NA,NA,NA,NA,NA,NA,NA,NA,NA,NA
"238","NEAR EAST                          ",2460492,5860,"419,9","0,00","2,98","19,62",800,"","145,2","16,9","18,97","64,13","3","31,67","3,92","0,09","0,28","0,63","West Bank ","West Bank",26.7,NA,NA,NA,NA,NA,NA,NA,NA,NA,NA,NA,NA,NA,NA,NA,NA,NA,NA,NA,NA,NA,NA,NA,NA,NA,NA,NA,NA,NA,NA,NA,NA,NA,NA,NA
"239","NORTHERN AFRICA                    ",273008,266000,"1,0","0,42","","",NA,"","","0,02","0","99,98","1","","","","","0,4","Western Sahara ",NA,NA,NA,NA,NA,NA,NA,NA,NA,NA,NA,NA,NA,NA,NA,NA,NA,NA,NA,NA,NA,NA,NA,NA,NA,NA,NA,NA,NA,NA,NA,NA,NA,NA,NA,NA,NA
"240","NEAR EAST                          ",21456188,527970,"40,6","0,36","0","61,5",800,"50,2","37,2","2,78","0,24","96,98","1","42,89","8,3","0,135","0,472","0,393","Yemen ","Yemen",27,170,"YEM","Middle East and North Africa",14,3.05,9,19,2,12,10,28,NA,NA,NA,NA,15,14,19,NA,NA,7,"Yemen","Middle East and Northern Africa",147,3.724,3.621,3.827,0.57939,0.47493,0.31048,0.2287,0.05892,0.09821,1.97295,"Yemen"
"241","SUB-SAHARAN AFRICA                 ",11502010,752614,"15,3","0,00","0","88,29",800,"80,6","8,2","7,08","0,03","92,9","2","41","19,93","0,22","0,29","0,489","Zambia ","Zambia",15,87,"ZMB","Sub-Saharan Africa",38,2.91,34,43,35,31,34,28,41,NA,NA,39,41,59,37,NA,NA,9,"Zambia","Sub-Saharan Africa",106,4.795,4.645,4.945,0.61202,0.6376,0.23573,0.42662,0.11479,0.17866,2.58991,"Zambia"
"242","SUB-SAHARAN AFRICA                 ",12236805,390580,"31,3","0,00","0","67,69",1900,"90,7","26,8","8,32","0,34","91,34","2","28,01","21,84","0,179","0,243","0,579","Zimbabwe ","Zimbabwe",95,154,"ZWE","Sub-Saharan Africa",22,2.59,18,26,13,30,22,16,17,NA,NA,24,15,24,37,NA,NA,9,"Zimbabwe","Sub-Saharan Africa",131,4.193,4.101,4.285,0.35041,0.71478,0.1595,0.25429,0.08582,0.18503,2.4427,"Zimbabwe"
